티커,산업,Signal_sco,수익률(%),Final_score,sco_bucket,rtn_bucket,표시이름
091170,은행주,-2.0,-0.2547770700636942,0.5162047572030702,<0,<0%,은행주(091170)
EIDO,EIDO,-2.25,-15.699957820358923,0.5122134950418052,<0,<0%,EIDO
VWO,VWO,-2.75,-0.9100012636404364,0.5020486112386257,<0,<0%,VWO
PAVE,PAVE,-3.0,-1.5882235473367756,0.4704030938864264,<0,<0%,PAVE
EZA,EZA,-3.75,-4.05224151936836,0.4614333085720312,<0,<0%,EZA
XLY,XLY,-5.25,-1.4810460984711171,0.43934365870747166,<0,<0%,XLY
KSA,KSA,-6.5,-2.430918574157037,0.4328770690415767,<0,<0%,KSA
SRVR,SRVR,-4.0,-11.554810289624529,0.39797309480434173,<0,<0%,SRVR
ARKF,ARKF,-3.25,-5.752313255288755,0.39648514259741274,<0,<0%,ARKF
IBIT,IBIT,-3.25,-22.99049194099847,0.39031394265090713,<0,<0%,IBIT
EMGF,EMGF,-4.5,-1.9096897647666866,0.38536561902103766,<0,<0%,EMGF
GRID,GRID,-6.5,-6.933927492614577,0.3810348715503358,<0,<0%,GRID
XLC,XLC,-6.0,-6.147548818912063,0.3670822574337728,<0,<0%,XLC
XLU,XLU,-6.25,-3.7455344169676885,0.3666008351235887,<0,<0%,XLU
GLD,GLD,-5.25,-11.172204962384368,0.36045792318212144,<0,<0%,GLD
371160,항셈테,-7.25,-6.421446384039897,0.34283867010906954,<0,<0%,항셈테(371160)
TLT,TLT,-8.0,-2.9866723875165535,0.33248772648812563,<0,<0%,TLT
CARZ,CARZ,-6.75,-3.62219855703807,0.33237153222291455,<0,<0%,CARZ
QMOM,QMOM,-8.0,-5.133160067988274,0.32650713923737623,<0,<0%,QMOM
ARKW,ARKW,-6.75,-3.395692033780684,0.3203552138849852,<0,<0%,ARKW
BOTZ,BOTZ,-7.75,-9.064224643684238,0.31744568748030483,<0,<0%,BOTZ
VNM,VNM,-6.25,-11.192474911433493,0.3152132098073439,<0,<0%,VNM
EIS,EIS,-9.0,-11.149847335189989,0.3105588511473904,<0,<0%,EIS
PDP,PDP,-9.0,-4.551947267440315,0.275645844889195,<0,<0%,PDP
LIT,LIT,-6.0,-21.40468021720948,0.2734110864030026,<0,<0%,LIT
478150,우주방,-6.25,-3.649465364946536,0.27231220584364213,<0,<0%,우주방(478150)
XME,XME,-8.5,-15.276864588220828,0.266639055956121,<0,<0%,XME
TUR,TUR,-11.0,-9.21845828077582,0.26114273382213504,<0,<0%,TUR
453810,인디아,-10.25,-2.8118811881188144,0.25947051647828356,<0,<0%,인디아(453810)
SLV,SLV,-8.0,-20.558340614305713,0.2473524063934202,<0,<0%,SLV
ARKK,ARKK,-9.5,-6.973105039963157,0.20424334645397532,<0,<0%,ARKK
411060,금현물,-12.0,-13.79937200462733,0.19267675327144496,<0,<0%,금현물(411060)
EWY,EWY,-8.5,-9.43678734189909,0.19110822001592442,<0,<0%,EWY
URA,URA,-9.0,-27.915130729040015,0.17329446279026275,<0,<0%,URA
ICLN,ICLN,-10.5,-17.34568858860318,0.17031652268272973,<0,<0%,ICLN
091180,자동차,-11.5,-14.578239608801958,0.16814657425478355,<0,<0%,자동차(091180)
UNG,UNG,-11.5,-5.45112692660804,0.1601287199465924,<0,<0%,UNG
PTF,PTF,-9.0,-17.069458824864327,0.15600773506841265,<0,<0%,PTF
091160,반도체,-8.25,-7.381572895906796,0.1551524957323475,<0,<0%,반도체(091160)
0051G0,에셈알,-11.5,-21.698113207547166,0.14994727931757748,<0,<0%,0051G0
117680,철강주,-11.0,-39.76920911905432,0.14844177601417144,<0,<0%,철강주(117680)
469070,ai로봇,-9.0,-37.05440900562852,0.14674324573207786,<0,<0%,ai로봇(469070)
117460,에너지,-11.5,-35.88932806324111,0.130192590791771,<0,<0%,에너지(117460)
TAN,TAN,-12.0,-18.74484833640616,0.12611249298674035,<0,<0%,TAN
305720,이차전,-11.0,-42.56513926325247,0.10537506743290073,<0,<0%,이차전(305720)
102970,증권주,-11.5,-35.73472479380576,0.10431771600321474,<0,<0%,증권주(102970)
0038A0,미로봇,-11.5,-12.365434972359612,0.10110910722565215,<0,<0%,0038A0
0023A0,양자컴,-9.75,-17.27552065551383,0.09488679179216901,<0,<0%,0023A0
147970,티모멘,-9.5,-19.266154345708408,0.09401090719110654,<0,<0%,티모멘(147970)
487230,전력인,-9.5,-20.747842761265577,0.08960898275211487,<0,<0%,전력인(487230)
0048K0,중로봇,-10.25,-14.601344860710853,0.08601492447186877,<0,<0%,0048K0
117700,건설주,-9.25,-39.43508962520369,0.08117635377651261,<0,<0%,건설주(117700)
475050,K팝,-11.25,-31.712364200724263,0.06107205266406676,<0,<0%,K팝(475050)
244580,바이오,-11.5,-39.14473684210527,0.030824724947817628,<0,<0%,바이오(244580)
449450,방산주,-11.5,-38.854830799411474,0.025779826252568992,<0,<0%,방산주(449450)
139230,조선주,-11.5,-40.278796771826855,0.015503737327503713,<0,<0%,조선주(139230)
455850,반소부,-11.5,-36.14779874213836,0.015290009876658501,<0,<0%,반소부(455850)
377990,신재생,-11.0,-47.4993453783713,0.014142857142857145,<0,<0%,신재생(377990)
229200,코스닥,-11.5,-40.02478314745973,0.00711992380694815,<0,<0%,코스닥(229200)
434730,원자력,-11.5,-43.665484371536245,0.007071428571428572,<0,<0%,원자력(434730)
REMX,REMX,-12.0,-36.46344981477979,0.006602247400917151,<0,<0%,REMX
GUNR,GUNR,7.25,-4.278122060277512,0.7489800378722247,0~7,<0%,GUNR
GMOM,GMOM,5.0,-1.0655891884891244,0.7082577568481282,0~7,<0%,GMOM
EWM,EWM,4.0,-4.042818443975715,0.6778653871176196,0~7,<0%,EWM
EWZ,EWZ,4.25,-6.82722285215096,0.6742758916008971,0~7,<0%,EWZ
PDBC,PDBC,4.25,-5.540616881071525,0.6595369134637509,0~7,<0%,PDBC
XLB,XLB,7.25,-1.7687451715375224,0.6430542268130728,0~7,<0%,XLB
PICK,PICK,0.25,-2.9818629765721583,0.5687671790112558,0~7,<0%,PICK
ETHA,ETHA,1.75,-21.396648074456927,0.5479383418142844,0~7,<0%,ETHA
DBA,DBA,1.0,-3.0313732284500072,0.5402262905664134,0~7,<0%,DBA
228790,화장품,2.5,-7.88485607008761,0.5273440884499375,0~7,<0%,화장품(228790)
EWH,EWH,12.25,-1.0834290299502114,0.8718009739334529,11+,<0%,EWH
HYG,HYG,-0.5,0.4218882560040216,0.5509162335477269,<0,0~15%,HYG
COPX,COPX,-1.0,1.173747406504222,0.5359480658024737,<0,0~15%,COPX
IWM,IWM,-1.25,3.30283989537683,0.5221154540449835,<0,0~15%,IWM
449180,에센피,-3.25,2.800861803631882,0.5093789408838019,<0,0~15%,에센피(449180)
VUG,VUG,-3.0,1.167692279678323,0.5033460532650622,<0,0~15%,VUG
XBI,XBI,-1.25,9.98902672333073,0.43038619298336384,<0,0~15%,XBI
449190,나스닥,-4.75,1.8769303872653742,0.42601935868286134,<0,0~15%,나스닥(449190)
XLK,XLK,-3.5,5.994742570421896,0.4242204991344423,<0,0~15%,XLK
QQQ,QQQ,-4.25,1.0469430551868886,0.40253199775620785,<0,0~15%,QQQ
EWT,EWT,-4.75,4.074600135251716,0.3791214059129104,<0,0~15%,EWT
MTUM,MTUM,-4.75,3.0302244759209396,0.36835828410806204,<0,0~15%,MTUM
ITB,ITB,-4.0,1.81551162341278,0.3526835143977768,<0,0~15%,ITB
SMH,SMH,-4.75,3.4131180570014186,0.32895523173891844,<0,0~15%,SMH
325020,케모멘,-8.0,1.4240506329114,0.31903323468866973,<0,0~15%,케모멘(325020)
446770,톱반도,-5.5,10.329258127257578,0.2937148911473928,<0,0~15%,톱반도(446770)
241180,니케이,-5.75,3.1240746224459492,0.2842353779824577,<0,0~15%,니케이(241180)
069500,코스피,-7.25,3.347737309463894,0.261897387333921,<0,0~15%,코스피(069500)
495050,밸류업,-7.5,0.797448165869219,0.2481623407024464,<0,0~15%,밸류업(495050)
195930,유로스,7.25,9.37137555091625,0.7431097500818482,0~7,0~15%,유로스(195930)
IGV,IGV,6.75,7.168618850861841,0.7140211273636707,0~7,0~15%,IGV
SCZ,SCZ,7.0,1.673578078552307,0.7064863694401565,0~7,0~15%,SCZ
DIA,DIA,6.0,6.7409124568127865,0.6960074247350093,0~7,0~15%,DIA
EZU,EZU,5.25,6.347212605463137,0.6927638298148672,0~7,0~15%,EZU
SVXY,SVXY,5.25,14.35887502422224,0.6850201989800759,0~7,0~15%,SVXY
THD,THD,3.75,6.133305041462789,0.6811937634503143,0~7,0~15%,THD
ITA,ITA,5.75,11.356383565147986,0.6603158457259826,0~7,0~15%,ITA
EWJ,EWJ,1.5,4.068986403196084,0.5814413014737696,0~7,0~15%,EWJ
SPY,SPY,0.5,3.47963104140363,0.5768896523354012,0~7,0~15%,SPY
IBB,IBB,4.0,9.449470302007779,0.5622522156893289,0~7,0~15%,IBB
IJH,IJH,0.25,2.985602480225258,0.5602935751953869,0~7,0~15%,IJH
XLI,XLI,1.0,4.566124444397923,0.5581728224097211,0~7,0~15%,XLI
EPHE,EPHE,10.75,6.717275769546838,0.8395267004483581,8~10,0~15%,EPHE
FXI,FXI,10.25,0.7784526940083358,0.8232442934043979,8~10,0~15%,FXI
EWI,EWI,10.5,8.63977110665557,0.8160818409390139,8~10,0~15%,EWI
XLE,XLE,9.25,0.8905973124320621,0.8056818094363096,8~10,0~15%,XLE
KBE,KBE,9.0,9.275972684014278,0.7743385576753308,8~10,0~15%,KBE
EWW,EWW,10.0,0.49035216200725706,0.7733306133217188,8~10,0~15%,EWW
KRE,KRE,8.75,9.417645335682657,0.7683836415144447,8~10,0~15%,KRE
EFA,EFA,8.75,5.106576381195604,0.7623883228519909,8~10,0~15%,EFA
VNQ,VNQ,9.5,4.242001132794937,0.7514035729590399,8~10,0~15%,VNQ
INDA,INDA,8.5,1.3018702026748041,0.7349592766621942,8~10,0~15%,INDA
XLP,XLP,10.0,1.879767757053341,0.7303136578491352,8~10,0~15%,XLP
EWL,EWL,8.0,5.182553217927599,0.7263503180265135,8~10,0~15%,EWL
EWS,EWS,16.0,14.420970198855265,0.983350582974827,11+,0~15%,EWS
EWU,EWU,16.0,5.712470938296299,0.9315191379113535,11+,0~15%,EWU
XLF,XLF,14.0,10.756848806838427,0.8919332746941444,11+,0~15%,XLF
EWA,EWA,13.75,1.9266095227960411,0.8871976710704815,11+,0~15%,EWA
VGK,VGK,14.0,5.70260048182063,0.8731960170118186,11+,0~15%,VGK
ENZL,ENZL,12.5,5.830970691862647,0.8681603442420809,11+,0~15%,ENZL
SCHD,SCHD,13.0,6.458075510957717,0.8645475640275315,11+,0~15%,SCHD
EWP,EWP,12.5,11.105003953949577,0.8641787236650471,11+,0~15%,EWP
EWQ,EWQ,13.5,5.632265148796911,0.8619365872349121,11+,0~15%,EWQ
EWC,EWC,12.0,3.412917504709423,0.8475270095558607,11+,0~15%,EWC
EWG,EWG,12.5,3.1128072490620218,0.8271741026366011,11+,0~15%,EWG
VYM,VYM,11.5,4.243543196471311,0.8260429947454249,11+,0~15%,VYM
VTV,VTV,11.0,7.028211449324839,0.789482247708835,11+,0~15%,VTV
XLV,XLV,11.0,12.3653759600294,0.7753363500788203,11+,0~15%,XLV
CIBR,CIBR,4.0,29.68670065979304,0.6876911552780698,0~7,15~30%,CIBR
JETS,JETS,6.25,20.03070348303386,0.6351510714227697,0~7,15~30%,JETS
GREK,GREK,15.0,15.189781881630449,0.9169549990954838,11+,15~30%,GREK
