rank,ticker,name,name_short,dividend_yield_12m,return_1m,return_3m,return_6m,return_12m,avg10_volume,avg10_amount,avg10_amount_eok,liquidity_days
1,0094M0,RISE 코리아밸류업위클리고정커버드콜,RISE 코리아밸류,24.98%,+1.16%,-15.15%,+15.00%,+54.90%,835935,14476342010,144.8,10
2,0040Y0,SOL 팔란티어커버드콜OTM채권혼합,SOL 팔란티어커버,24.70%,-1.87%,-2.83%,-11.55%,-22.39%,350352,2768804329,27.7,10
3,480040,ACE 미국반도체데일리타겟커버드콜(합성),ACE 미국반도체데,22.88%,+9.85%,-26.56%,+11.64%,+33.78%,182407,2657758052,26.6,10
4,480020,ACE 미국빅테크7+데일리타겟커버드콜(합성),ACE 미국빅테크7,22.73%,-3.37%,-18.52%,-14.03%,-18.55%,263808,2647116471,26.5,10
5,472150,TIGER 배당커버드콜액티브,TIGER 배당커버,22.52%,+5.56%,-14.71%,+27.69%,+64.13%,4235531,86088502266,860.9,10
6,0040X0,SOL 팔란티어미국채커버드콜혼합,SOL 팔란티어미국,21.97%,-3.78%,-8.23%,-12.84%,-23.02%,115138,1056504986,10.6,10
8,491620,RISE 미국테크100데일리고정커버드콜,RISE 미국테크1,18.92%,+1.66%,-12.99%,+3.02%,-3.83%,529840,5521709789,55.2,10
9,490590,RISE 미국AI밸류체인데일리고정커버드콜,RISE 미국AI밸,18.90%,+7.06%,-11.79%,+16.69%,+8.35%,662139,9488722591,94.9,10
10,475720,RISE 200위클리커버드콜,RISE 200위클,18.61%,+3.70%,-10.49%,+8.55%,+28.26%,702276,8822185560,88.2,10
11,494300,KODEX 미국나스닥100데일리커버드콜OTM,KODEX 미국나스,18.53%,+0.97%,-18.09%,-6.64%,-10.92%,1154424,10242095137,102.4,10
13,489030,PLUS 고배당주위클리커버드콜,PLUS 고배당주위,17.41%,-6.51%,-1.98%,-27.69%,-34.13%,679516,4232165423,42.3,10
14,498400,KODEX 200타겟위클리커버드콜,KODEX 200타,17.24%,+5.97%,-13.52%,+27.59%,+72.14%,5072023,104293154568,1042.9,10
15,490600,RISE 미국배당100데일리고정커버드콜,RISE 미국배당1,15.90%,-7.62%,-13.95%,-9.90%,-4.21%,210432,1812104654,18.1,10
16,493810,TIGER 미국AI빅테크10타겟데일리커버드콜,TIGER 미국AI,15.32%,+0.76%,-9.66%,+2.86%,-3.66%,141844,1616865099,16.2,10
18,498410,KODEX 금융고배당TOP10타겟위클리커버드콜,KODEX 금융고배,14.25%,-4.18%,-1.48%,-10.10%,-8.06%,1784246,20670869803,206.7,10
19,486290,TIGER 미국나스닥100타겟데일리커버드콜,TIGER 미국나스,13.87%,+2.99%,-13.89%,+5.16%,+1.11%,1818804,19057498036,190.6,10
20,0005A0,KODEX 미국S&P500데일리커버드콜OTM,KODEX 미국S&,13.82%,-1.95%,-14.22%,-4.28%,-5.38%,213518,1961379746,19.6,10
23,483280,KODEX 미국AI테크TOP10타겟커버드콜,KODEX 미국AI,13.49%,+3.31%,-10.09%,+2.23%,-5.33%,205470,2420514890,24.2,10
26,481060,KODEX 미국30년국채타겟커버드콜(합성 H),KODEX 미국30,12.11%,-5.07%,-9.24%,-11.91%,-18.50%,572964,4122701062,41.2,10
27,0008S0,TIGER 미국배당다우존스타겟데일리커버드콜,TIGER 미국배당,12.01%,-7.19%,-12.43%,-8.55%,+4.55%,277109,2635262213,26.4,10
29,483290,KODEX 미국배당다우존스타겟커버드콜,KODEX 미국배당,11.29%,-7.12%,-13.09%,-10.87%,+5.61%,207122,2034348406,20.3,10
30,476550,TIGER 미국30년국채커버드콜액티브(H),TIGER 미국30,11.23%,-5.13%,-10.89%,-12.96%,-19.85%,1065906,6979686501,69.8,10
33,473330,SOL 미국30년국채커버드콜(합성),SOL 미국30년국,11.06%,-5.49%,-21.28%,-20.98%,-18.82%,267167,2039142299,20.4,10
38,482730,TIGER 미국S&P500타겟데일리커버드콜,TIGER 미국S&,10.20%,-1.38%,-12.74%,-0.04%,+0.18%,416972,4824666112,48.2,10
39,474220,TIGER 미국테크TOP10타겟커버드콜,TIGER 미국테크,10.10%,+1.12%,-7.53%,+1.53%,-1.78%,130695,1969860066,19.7,10
41,458760,TIGER 미국배당다우존스타겟커버드콜2호,TIGER 미국배당,9.31%,-6.94%,-11.97%,-8.84%,+7.72%,239628,2523155313,25.2,10
42,441640,KODEX 미국배당커버드콜액티브,KODEX 미국배당,9.23%,-3.27%,-11.53%,-4.90%,-1.18%,860595,10590573786,105.9,10
43,0167B0,SOL 200타겟위클리커버드콜,SOL 200타겟위,9.16%,+5.99%,-13.45%,+27.29%,—,799566,9433715153,94.3,10
45,329200,TIGER 리츠부동산인프라,TIGER 리츠부동,8.50%,-0.25%,+2.15%,-12.07%,-7.44%,2608696,10553069110,105.5,10
46,476800,KODEX 한국부동산리츠인프라,KODEX 한국부동,8.45%,-0.94%,+0.12%,-13.39%,-12.21%,500554,2099899007,21.0,10
