source,uid,버킷,_bkey,시간,제목,분류,영향,핵심한줄,관련섹터,언론사,링크
main,7c26105135d71b6857db1aa6bbede107,10:00~10:30,10:00,2026-06-06 10:20:02,"수익률 -16%에도 '사자'…8,600억 뭉칫돈 몰려간 곳",AI/반도체,혼재,오는 12일(현지시간) 미국 항공우주기업 스페이스X의 나스닥 상장을 앞두고 우주테크 상장지수펀드(ETF)에…,"AI_메모리, AI_GPU, 반도체장비",한국경제TV,https://n.news.naver.com/mnews/article/215/0001254490
main,bb17f874f4b44b73bdc5b0a91c02fb1f,10:00~10:30,10:00,2026-06-06 10:05:13,“젠슨황 새 찐친 소개합니다”…1주일새 50% 뛴 두산로보틱스 [이주의 Bull기둥],로봇,긍정,"1분기 매출 전년比 189% ‘껑충’ 美 원엑시아 시너지·증설 박차 내년 AI 솔루션, 2028년 로봇…","로봇, AI_인프라",매일경제,https://n.news.naver.com/mnews/article/009/0005690082
main,d13b9ec9e72562910130ce49e8885390,10:00~10:30,10:00,2026-06-06 10:00:00,AI發 훈풍에 뭉칫돈 몰린 반도체·전력 ETF… 차기 투자처는?,AI인프라/전력,긍정,지난 5월 반도체와 전력 테마 ETF(상장지수펀드)에 자금이 몰렸다.,"전력기기, 원전, 데이터센터",머니투데이,https://n.news.naver.com/mnews/article/008/0005367954
main,a7286bf2936ed32afb1c4d20e2d71e86,09:30~10:00,09:30,2026-06-06 09:49:00,"""삼전닉스 2배 벌자"" 개미들, 반도체ETF 팔고 '삼전닉스 레버리지'로 대이동",AI/반도체,혼재,최근 개인투자자들이 일반 반도체 상장지수펀드(ETF)를 대거 매도하는 대신 삼성전자와 SK하이닉스의…,"AI_메모리, AI_GPU, 반도체장비",아시아경제,https://n.news.naver.com/mnews/article/277/0005772614
main,fdcb3eb3546febf237c3bca73840bbaa,09:30~10:00,09:30,2026-06-06 09:31:11,멈춰선 SK실트론 매각…M&A 시장에 ‘새드 엔딩’은 없다,AI/반도체,혼재,멈춰선 SK실트론 매각…M&A 시장에 ‘새드 엔딩’은 없다,"AI_메모리, AI_GPU, 반도체장비",이데일리,https://n.news.naver.com/mnews/article/018/0006299066
main,4e4b3e2853f664c713bab80efcd4fff3,09:30~10:00,09:30,2026-06-06 09:31:11,하루 만에 20% 급락…삼전닉스 레버리지 ‘직격탄’,AI/반도체,부정,인공지능 AI발 반도체 초호황 기대감에 삼성전자와 SK하이닉스 상승에 베팅했던 개인 투자자들의 손실 우려가…,"AI_메모리, AI_GPU, 반도체장비",이코노미스트,https://n.news.naver.com/mnews/article/243/0000098773
main,ba3c58164b88c9b8c285833affbcc510,09:00~09:30,09:00,2026-06-06 09:23:00,세계최대 비트코인 보유기업 스트래티지는 왜 4년만에 비트코인을 팔았을까 [주末머니],코인/디지털,혼재,비트코인의 약세가 지속되고 있다.,"가상자산, 증권",아시아경제,https://n.news.naver.com/mnews/article/277/0005772613
main,da2f1f8e21db85f4da76f8010bad064d,09:00~09:30,09:00,2026-06-06 09:16:35,'브로드컴 쇼크'…삼전닉스 비명 터질때 이 주식은 환호성 터졌다[김근희의 증시 랩업],AI/반도체,혼재,증시는 살아 있는 생명체와 같아서 늘 시시각각 변합니다.,"AI_메모리, AI_GPU, 반도체장비",머니투데이,https://n.news.naver.com/mnews/article/008/0005367946
main,cfea44d515a15de988b689a031f32201,09:00~09:30,09:00,2026-06-06 09:01:12,"""주식 5년 했다며? 돈좀 벌었어?"", '이 습관' 때문에 웃지 못하는 김대리[인치범의 주식투자 부트캠프]",기타/시장잡음,혼재,잦은 시세 확인은 뇌를 자극해 불필요하고 충동적인 거래를 유발합니다.,-,파이낸셜뉴스,https://n.news.naver.com/mnews/article/014/0005531268
main,c69cd3d109d1348a05e0812b111903e9,09:00~09:30,09:00,2026-06-06 09:00:11,증시 변동성에도 ETF 유입자금 더 늘어[ETF워치],AI/반도체,긍정,이번 주 코스피는 극심한 변동성을 보였습니다.,"AI_메모리, AI_GPU, 반도체장비",비즈워치,https://n.news.naver.com/mnews/article/648/0000047758
main,edb519f42f0e17c812f4709f3de02518,09:00~09:30,09:00,2026-06-06 09:00:00,'스페이스X' 상장 임박…우주항공 ETF에 兆단위 뭉칫돈 유입,우주항공,긍정,일론 머스크의 우주항공기업 '스페이스X'가 오는 12일(현지시간) 역대 최대 규모의 자금 조달에 나선다.,"우주항공, 방산",뉴시스,https://n.news.naver.com/mnews/article/003/0013990326
main,2f9de6edcae61f4177ce16c3d60f7fc8,08:30~09:00,08:30,2026-06-06 08:49:00,"환율 왜 안떨어질까…""달러당 1500원대 머물 수도""[주末머니]",매크로/금리,혼재,달러화 대비 원화 환율이 종전 기대감 등에 따라 단기 조정을 받더라도 상승 추세는 유지될 것이라는 전망이…,"은행, 환율민감주, 수출주",아시아경제,https://n.news.naver.com/mnews/article/277/0005772607
main,1b37f9af2f4075c47e1d9c6522d4eb44,08:30~09:00,08:30,2026-06-06 08:33:42,"비트코인 한때 6만 달러 붕괴…""AI가 가상화폐 밀어내 VS 저점 매수 기회""",코인/디지털,부정,가상화폐 시가총액 1위 종목인 비트코인 가격이 심리적 마지노선인 6만 달러 아래로 고꾸라졌다.,"가상자산, 증권",아시아경제,https://n.news.naver.com/mnews/article/277/0005772603
main,aeb5bd73ea9712581e98e0c72c661a5b,08:30~09:00,08:30,2026-06-06 08:32:14,피지컬 AI 테마 부상…삼전·현차 담은 채권혼합형 상품 등장[ETF언박싱],AI/반도체,혼재,피지컬 인공지능(AI) 관련 기업에 투자하면서 채권을 함께 편입하는 상장지수펀드(ETF)가 상장됐다.,"AI_메모리, AI_GPU, 반도체장비",이데일리,https://n.news.naver.com/mnews/article/018/0006299055
main,92db45b918671373de152c42007ec314,08:00~08:30,08:00,2026-06-06 08:12:15,삼성전자 30조 판 외국인…'리밸런싱' 자금 어디로?,AI/반도체,긍정,코스피가 단기 급등 이후 조정 국면에 들어선 가운데 외국인 투자자들이 대형 반도체주를 중심으로 대규모 차익…,"AI_메모리, AI_GPU, 반도체장비",이코노미스트,https://n.news.naver.com/mnews/article/243/0000098767
main,d3a98b7faec5c8b7ad347b59e2ab6547,08:00~08:30,08:00,2026-06-06 08:02:17,"폭락장 부른 '이 종목'…증권가선 ""매수 기회""",AI인프라/전력,혼재,인공지능(AI) 반도체 시장의 핵심 수혜주로 꼽히는 브로드컴(티커명 AVGO) 주가가 실적 발표 이후…,"전력기기, 원전, 데이터센터",이데일리,https://n.news.naver.com/mnews/article/018/0006299048
main,9a85db87d4183d4cb81cefe78d6b1ab9,08:00~08:30,08:00,2026-06-06 08:01:10,비트코인 32개 팔았을 뿐인데…시장 뒤흔든 스트래티지,코인/디지털,부정,세계 최대 가상 자산 재무전략 미국 기업인 스트래티지(Strategy)의 비트코인 매도가 가상자산 시장…,"가상자산, 증권",데일리안,https://n.news.naver.com/mnews/article/119/0003098318
main,fb0d2eb4aede63bff4c82e4406ef7c56,08:00~08:30,08:00,2026-06-06 08:00:05,스페이스X 상장 임박…'우주테크' ETF 자금유입 '쑥'[머니플로우],우주항공,긍정,"미래에셋證, 전문투자자 대상 공모주 청약 시작…개미, ETF·펀드 통한 간접 투자 가능 투자자예탁금…","우주항공, 방산",연합뉴스,https://n.news.naver.com/mnews/article/001/0016122796
main,31c8304279d279bb2deb835e8f1213a5,08:00~08:30,08:00,2026-06-06 08:00:00,"지분 사들이는 금융권…코인시장, '쩐의 전쟁' 시작[가상자산 대전환①]",코인/디지털,혼재,그간 가상자산을 투기성 자산으로 분류하며 보수적인 태도를 유지해 온 전통 금융권이 가상자산 업계와의 전략적…,"가상자산, 증권",뉴시스,https://n.news.naver.com/mnews/article/003/0013990251
main,27116634f03d9601aec47065f5bc6d24,07:00~07:30,07:00,2026-06-06 07:25:06,“여기까지 올라오니 1만피가 저기 보이네”…6월 쉬어가도 천장 열려있다,AI/반도체,긍정,증권사 연간 목표지수 잇단 상향 올해 AI·반도체 이익 탄탄 코스피 12개월 선행 PER 7배 선진국…,"AI_메모리, AI_GPU, 반도체장비",매일경제,https://n.news.naver.com/mnews/article/009/0005690053
main,d95c88173f0b63ba4fac0626cca83afb,07:00~07:30,07:00,2026-06-06 07:18:57,브로드컴發 후폭풍 서학개미 '비명'…마이크론 13%↓,매크로/금리,긍정,미국의 고용시장 호조가 연방준비제도(Fed·연준)의 금리 인상 결정으로 이어질 것이란 예상이 확산하면서…,"은행, 환율민감주, 수출주",한국경제TV,https://n.news.naver.com/mnews/article/215/0001254478
main,ea2560ee61cbb958e3a96d5b24270fef,07:00~07:30,07:00,2026-06-06 07:14:05,'깜짝 고용'에 번진 금리인상 기대…주식·국채·금 '트리플 약세',매크로/금리,혼재,미국 고용시장이 예상을 크게 웃도는 호조를 보이며 연방준비제도(Fed·연준)의 연내 금리 인상 가능성이…,"은행, 환율민감주, 수출주",한국경제TV,https://n.news.naver.com/mnews/article/215/0001254477
main,f299c1c683f4f252f373bd4b5ec6b009,07:00~07:30,07:00,2026-06-06 07:01:18,‘젠슨황 깐부株’ 효과 벌써 끝…두산로보틱스 16% 급락[코주부],로봇,부정,젠슨 황 엔비디아 최고경영자(CEO)의 방한 수혜주로 주목받았던 두산로보틱스가 이틀 연속 급락하며 최근…,"로봇, AI_인프라",서울경제,https://n.news.naver.com/mnews/article/011/0004628228
main,381ce2f43a5b65da3a02a8948e691466,06:30~07:00,06:30,2026-06-06 06:31:09,‘오세훈 테마주’ 하루천하…진양화학 9%·천일고속 4% 하락[이런국장 저런주식],기타/시장잡음,부정,6·3 지방선거에서 재선에 성공한 오세훈 서울시장 관련 테마주가 하루 만에 급락세로 돌아섰다.,-,서울경제,https://n.news.naver.com/mnews/article/011/0004628223
main,dc1b9ee1f4c6c2b6670fef5488ede75f,06:00~06:30,06:00,2026-06-06 06:15:08,"“코스피 로봇 대장주, 다들 아시죠?”...‘현대차 이름표’ 단 ETF 봇물",로봇,혼재,집중형·혼합형…상품군 다양 車 넘어 피지컬AI 강자로 인기 ETF 상품명으로 들어가는 건 반도체 대형주…,"로봇, AI_인프라",매일경제,https://n.news.naver.com/mnews/article/009/0005690047
main,f2f89d557bcea77c1d081b831edf4b6d,06:00~06:30,06:00,2026-06-06 06:01:13,"""한 방에 먹으려다 탈 났다""…삼전닉스 출렁이자 레버리지 '우수수'",AI/반도체,혼재,"더 오른다고 해서 들어갔는데, 무작정 버티면 되는 걸까요?"" 삼성전자·SK하이닉스 급락에 개인 투자자들이…","AI_메모리, AI_GPU, 반도체장비",파이낸셜뉴스,https://n.news.naver.com/mnews/article/014/0005531251
main,e4a4a15c111f4a6c2434bef3fbd92530,06:00~06:30,06:00,2026-06-06 06:00:02,"허풍률 81%에도 ‘조만장자’ 임박…머스크의 꿈, 왜 잘 팔릴까?",우주항공,혼재,일론 머스크 테슬라 최고경영자(CEO)가 인류 최초의 ‘조만장자(Trillionaire)’ 등극을 눈앞에…,"우주항공, 방산",중앙일보,https://n.news.naver.com/mnews/article/025/0003528397
main,19245bf37eb1fe795d4c2eb279bdd9fd,06:00~06:30,06:00,2026-06-06 06:00:00,"피지컬AI 올라탄 현대차…""토요타 넘어 테슬라와 경쟁"" [종목현미경]",자동차,중립,현대차가 토요타를 넘어 글로벌 모빌리티·로보틱스 대표 기업으로 도약할 수 있다는 전망이 증권가에서 잇따르고…,"완성차, 자동차부품",뉴스1,https://n.news.naver.com/mnews/article/421/0008988505
main,e665f4a1c4515fd834be7286f3cea5ff,05:00~05:30,05:00,2026-06-06 05:08:11,[속보]나스닥 4.2% 급락…AI 거품 우려·금리인상 전망에 투매,매크로/금리,부정,인공지능(AI) 열기에 랠리를 펼쳐왔던 뉴욕증시가 급락했다.,"은행, 환율민감주, 수출주",이데일리,https://n.news.naver.com/mnews/article/018/0006299025
main,3f0410be187041673b021775e169b028,05:00~05:30,05:00,2026-06-06 05:00:00,"""10종목 중 4개 겨우 상승”…다음주 코스피 변동성 ‘경고등’",한국증시/수급,혼재,코스피가 반도체 주도 급등 이후 단기 변동성 국면에 접어들 수 있다는 분석이 나온다.,"대형주, 코스피지수",한국경제TV,https://n.news.naver.com/mnews/article/215/0001254476
main,6dfeb381fd0d9c83c30f82d0411c570f,04:00~04:30,04:00,2026-06-06 04:26:10,금리인상 베팅에 AI 랠리 급제동…나스닥 4% 급락중,매크로/금리,혼재,뉴욕증시가 5일(현지시간) 강한 고용지표 충격에 급락하고 있다.,"은행, 환율민감주, 수출주",이데일리,https://n.news.naver.com/mnews/article/018/0006299022
main,0a32f09606a62656d1f37d48633c7ff6,00:00~00:30,00:00,2026-06-06 00:01:42,"'현정은 백기사' H&Q, 현대엘리 투자금 전량 회수[주간사모펀드]",기타/시장잡음,중립,"어펄마 등 PEF, MBK 넥스플렉스 매각 숏리스트 올라 PTA PE, 5년 만에 한국펀드파트너스 매각…",-,더팩트,https://n.news.naver.com/mnews/article/629/0000505487
main,0629990e538aa53eaa917e006e71fd59,00:00~00:30,00:00,2026-06-06 00:00:00,"삼전닉스 60조 팔고 '눈길' 준 곳이…""비결이 뭐야?""",AI/반도체,혼재,5일 서울 홍대 앞은 젠슨 황 엔비디아 최고경영자(CEO)와 국내 대기업 총수들의 '삼소(삼겹살·소주)…,"AI_메모리, AI_GPU, 반도체장비",한국경제TV,https://n.news.naver.com/mnews/article/215/0001254475
