uid,버킷,_bkey,시간,제목,분류,영향,요약,관련섹터,언론사,링크
e593fa619584fdd362306b365f9583c5,10:00~10:30,10:00,2026-06-06 10:05:13,“젠슨황 새 찐친 소개합니다”…1주일새 50% 뛴 두산로보틱스 [이주의 Bull기둥],로봇,긍정,"1분기 매출 전년比 189% ‘껑충’ 美 원엑시아 시너지·증설 박차 내년 AI 솔루션, 2028년 로봇 기대 고밸류·적자 지속은 극복 과제 두산로보틱스 두산로보틱스가 협동로봇 전문 제조사에서 인공지능(AI) 기반 로봇 솔루션 기업으로의 전환을 본격화하면서 시장의 주목을 받고 있다. 5일 한국거래소에 따르면 두산로보틱스는 최근 1주일새(5월 28일~6월 4일) 주가가 50% 넘게 폭등하며 16","로봇, AI_인프라",매일경제,https://n.news.naver.com/mnews/article/009/0005690082
9f8756cefbc3444df085ca60788a7472,10:00~10:30,10:00,2026-06-06 10:00:00,AI發 훈풍에 뭉칫돈 몰린 반도체·전력 ETF… 차기 투자처는?,AI/반도체,긍정,"AI데이터센터 투자확대 호재에 반도체·전력 ETF, 5월 자금유입 톱10 대거 랭크 피지컬AI 차기 투자처로 주목… 운용사들, 관련 상품 잇단 출시 5월 한 달간 반도체·전력 상품 ETF들의 자금유입액/그래픽=김지영 지난 5월 반도체와 전력 테마 ETF(상장지수펀드)에 자금이 몰렸다. AI(인공지능) 데이터센터 투자확대가 메모리반도체와 전력수요 증가로 이어질 것이란 기대감이 반영됐다.","AI_메모리, AI_GPU, 반도체장비",머니투데이,https://n.news.naver.com/mnews/article/008/0005367954
3cfd6946da84e939a2c273e168a223a8,09:30~10:00,09:30,2026-06-06 09:49:00,"""삼전닉스 2배 벌자"" 개미들, 반도체ETF 팔고 '삼전닉스 레버리지'로 대이동",AI/반도체,부정,"개인 순매수 1~4위, 삼전닉스 단일종목 레버리지 차지 한 주간 3조원 몰려…반면 반도체 ETF는 순매도 최근 개인투자자들이 일반 반도체 상장지수펀드(ETF)를 대거 매도하는 대신 삼성전자와 SK하이닉스의 단일종목 레버리지 ETF는 사들이고 있는 것으로 나타났다. 여러 반도체 종목에 분산 투자하기보다 확실한 '대장주'의 상승세에 집중 투자해 수익률을 극대화하겠다는 전략으로 풀이된다.","AI_메모리, AI_GPU, 반도체장비",아시아경제,https://n.news.naver.com/mnews/article/277/0005772614
817ebc9ffae88564792a817dc9328775,09:30~10:00,09:30,2026-06-06 09:31:11,멈춰선 SK실트론 매각…M&A 시장에 ‘새드 엔딩’은 없다,AI/반도체,혼재,[위클리M&A] 두산 우협 선정 후 ‘장고’ 빠진 SK 상도덕 너머 ‘실리’ 두고 복잡한 셈법 깨진 판이 보약 됐던 한화-대우조선 ‘승자의 저주’ 털고 전화위복 될 수도 이 기사는 2026년06월06일 07시30분에 마켓인 프리미엄 콘텐츠 로 선공개 되었습니다. 구미국가산업단지 3공단에 자리한 SK실트론 본사 전경 [사진=SK실트론] [이데일리 마켓in 허지은 기자] 마무리 단계로 알려졌던 ,"AI_메모리, AI_GPU, 반도체장비",이데일리,https://n.news.naver.com/mnews/article/018/0006299066
6d40e50cedf5f9646ba3bc46d98a158d,09:30~10:00,09:30,2026-06-06 09:31:11,하루 만에 20% 급락…삼전닉스 레버리지 ‘직격탄’,AI/반도체,혼재,삼성전자·SK하이닉스_[연합뉴스 자료사진. 재판매 및 DB 금지] 인공지능 AI발 반도체 초호황 기대감에 삼성전자와 SK하이닉스 상승에 베팅했던 개인 투자자들의 손실 우려가 커지고 있다.,"AI_메모리, AI_GPU, 반도체장비",이코노미스트,https://n.news.naver.com/mnews/article/243/0000098773
bb9e11a3b4f7423a7a2483c560f00786,09:00~09:30,09:00,2026-06-06 09:23:00,세계최대 비트코인 보유기업 스트래티지는 왜 4년만에 비트코인을 팔았을까 [주末머니],매크로/금리,부정,"보유량의 0.004% 수준…우선주 배당금 지급용 ""비트코인 거래대금 늘어야 가격 반등"" 비트코인의 약세가 지속되고 있다. 5월 중순 이후 이란 노이즈와 금리·유가에 영향을 받으며 지속적인 약세를 보였다.","은행, 환율민감주, 수출주",아시아경제,https://n.news.naver.com/mnews/article/277/0005772613
bfd2ff884c8167e4a7b794a60121fbf5,09:00~09:30,09:00,2026-06-06 09:16:35,'브로드컴 쇼크'…삼전닉스 비명 터질때 이 주식은 환호성 터졌다[김근희의 증시 랩업],AI/반도체,긍정,"[편집자주] 증시는 살아 있는 생명체와 같아서 늘 시시각각 변합니다. '김근희의 증시 랩업'은 한 주간 상승·하락한 종목들과 증시 주요 이벤트 등을 살펴보며 시장의 흐름을 짚고, 투자자들이 현명한 투자 전략을 짤 수 있도록 돕겠습니다.","AI_메모리, AI_GPU, 반도체장비",머니투데이,https://n.news.naver.com/mnews/article/008/0005367946
4de138e6ae54ddfb3f1536102cc87723,09:00~09:30,09:00,2026-06-06 09:01:12,"""주식 5년 했다며? 돈좀 벌었어?"", '이 습관' 때문에 웃지 못하는 김대리[인치범의 주식투자 부트캠프]",바이오,혼재,"주식하는 20대, 살아남으려면 잘못된 투자 습관 고쳐야 올랐다고 즉시 팔고, 내리면 못 파는 '처분효과' 수익 좀 냈다고 과신하는 '과잉확신' '한방' 노리고 투자하는 '복권형 주식선호' 남들 다 투자하는 특정 주식 따라가는 '단기 군집 거래' 왼쪽부터 박정민·임지연·류승범, 영화 '타짜: 원 아이드 잭' /사진=뉴시스 잦은 시세 확인은 뇌를 자극해 불필요하고 충동적인 거래를 유발합니다. 확",제약바이오,파이낸셜뉴스,https://n.news.naver.com/mnews/article/014/0005531268
cced28923d5c87bb4a93f742388fc841,09:00~09:30,09:00,2026-06-06 09:00:11,증시 변동성에도 ETF 유입자금 더 늘어[ETF워치],AI/반도체,긍정,"KODEX ETF 순자산 200조 돌파…국내 점유율 40% 미래에셋 글로벌 ETF AUM 421조…우주 ETF도↑ HANARO·PLUS 반도체 ETF 순자산 확대도 지속 이번 주 코스피는 극심한 변동성을 보였습니다. 지난 1일과 2일 각각 3.68%, 0.15% 올랐지만, 지방선거일(6월 3일) 이후인 4일과 5일에는 각각 1.84%, 5.54% 하락했습니다.","AI_메모리, AI_GPU, 반도체장비",비즈워치,https://n.news.naver.com/mnews/article/648/0000047758
41ec10e5878e7ba2ae6bc198b4b62fab,09:00~09:30,09:00,2026-06-06 09:00:00,'스페이스X' 상장 임박…우주항공 ETF에 兆단위 뭉칫돈 유입,원자재,긍정,"자산운용사, 우주항공 ETF 라인업 강화 ""단기 과열 주의보·변동성 경계해야"" [케이프커내버럴=AP/뉴시스] 일론 머스크의 우주 기업 스페이스X가 기업공개(IPO)를 앞두고 전체 공모 물량의 최대 5%를 임직원과 내부 관계자들에게 배정하기로 했다. 1일(현지시간) 미국 월스트리트저널 등 외신에 따르면, 스페이스X는 이날 미 증권거래위원회(SEC)에 제출한 수정 증권신고서를 통해 전체 발행 주","에너지, 화학, 정유",뉴시스,https://n.news.naver.com/mnews/article/003/0013990326
5b8276bb477c1df818a0cc25317bd162,08:30~09:00,08:30,2026-06-06 08:49:00,"환율 왜 안떨어질까…""달러당 1500원대 머물 수도""[주末머니]",매크로/금리,부정,중동 리스크 완화돼도 원화 약세 압력 여전 외국인 주식 매도·대미 투자 부담 지속 달러화 대비 원화 환율이 종전 기대감 등에 따라 단기 조정을 받더라도 상승 추세는 유지될 것이라는 전망이 나왔다. 외국인 주식 매도세와 대미 투자 확대에 따른 달러 수요 등이 이어지면서 1500원대에 안착할 수 있다는 분석이다.,"은행, 환율민감주, 수출주",아시아경제,https://n.news.naver.com/mnews/article/277/0005772607
c42ebd90d6be8e7199a7574ae5ae1b2d,08:30~09:00,08:30,2026-06-06 08:33:42,"비트코인 한때 6만 달러 붕괴…""AI가 가상화폐 밀어내 VS 저점 매수 기회""",코인/디지털,부정,가상화폐 시가총액 1위 종목인 비트코인 가격이 심리적 마지노선인 6만 달러 아래로 고꾸라졌다. 최고점과 비교하면 반토막 이상 내려앉은 수치다.,"가상자산, 증권",아시아경제,https://n.news.naver.com/mnews/article/277/0005772603
7f452e2812c9b94aff4e21a1d81e3d0d,08:30~09:00,08:30,2026-06-06 08:32:14,피지컬 AI 테마 부상…삼전·현차 담은 채권혼합형 상품 등장[ETF언박싱],AI/반도체,혼재,"삼성전자·현대차 각각 25% 편입 나머지 50%는 초단기 우량채 투자 매일 리밸런싱으로 주식·채권 비중 관리 채권혼합형 분류…퇴직연금 100% 편입 가능 [이데일리 박순엽 기자] 피지컬 인공지능(AI) 관련 기업에 투자하면서 채권을 함께 편입하는 상장지수펀드(ETF)가 상장됐다. AI가 로봇, 자동차, 제조설비 등 현실 세계의 기기와 결합하는 피지컬 AI가 증시에서 주요 테마 중 하나로 거론","AI_메모리, AI_GPU, 반도체장비",이데일리,https://n.news.naver.com/mnews/article/018/0006299055
aa9a81da9782285f1be02375d21d4c03,08:00~08:30,08:00,2026-06-06 08:12:15,삼성전자 30조 판 외국인…'리밸런싱' 자금 어디로?,AI/반도체,부정,서울 삼성전자 서초사옥_[연합뉴스 자료사진] 코스피가 단기 급등 이후 조정 국면에 들어선 가운데 외국인 투자자들이 대형 반도체주를 중심으로 대규모 차익 실현에 나선 것으로 나타났다. 6일 한국거래소에 따르면 외국인은 지난 5월 7일부터 6월 5일까지 20거래일 연속 순매도를 이어갔다.,"AI_메모리, AI_GPU, 반도체장비",이코노미스트,https://n.news.naver.com/mnews/article/243/0000098767
3d62928ccfe4b8a92421f03bd3cac07c,08:00~08:30,08:00,2026-06-06 08:02:17,"폭락장 부른 '이 종목'…증권가선 ""매수 기회""",AI인프라/전력,긍정,"[클릭!e해외주식] Broadcom 반도체 시장 핵심 수혜주, 역대급 실적에도 폭락 AI 매출 급증·수주 300억$ 돌파…실적 예상치 상회 연간 AI 매출 가이던스 시장 기대 밑돌며 주가 급락 ""수요둔화 아닌 공급 리드타임 문제…수주 확대 주목"" [이데일리 신하연 기자] 인공지능(AI) 반도체 시장의 핵심 수혜주로 꼽히는 브로드컴(티커명 AVGO) 주가가 실적 발표 이후 급락했다. 시장 예상","전력기기, 원전, 데이터센터",이데일리,https://n.news.naver.com/mnews/article/018/0006299048
e79deda3bf4b4ee69ef9468a178f54f1,08:00~08:30,08:00,2026-06-06 08:01:10,비트코인 32개 팔았을 뿐인데…시장 뒤흔든 스트래티지,코인/디지털,부정,상징적 매도에 시장 출렁…현물 ETF 순유출 장기화 ⓒ데일리안 AI 삽화 이미지 [데일리안 = 김민희 기자] 세계 최대 가상 자산 재무전략 미국 기업인 스트래티지(Strategy)의 비트코인 매도가 가상자산 시장 투자심리를 흔들고 있다. 매도 규모는 전체 보유량 대비 극히 일부에 불과했지만 비트코인 최대 보유 기업이 처음으로 매도에 나섰다는 상징성이 시장에 충격을 주면서 약세장이 더욱 가속화,"가상자산, 증권",데일리안,https://n.news.naver.com/mnews/article/119/0003098318
8bbe012747aee09ec7612e62fc142c2f,08:00~08:30,08:00,2026-06-06 08:00:05,스페이스X 상장 임박…'우주테크' ETF 자금유입 '쑥'[머니플로우],AI/반도체,혼재,"미래에셋證, 전문투자자 대상 공모주 청약 시작…개미, ETF·펀드 통한 간접 투자 가능 투자자예탁금 3주만에 최대로…신용·대차거래잔고, 최고치 찍고 소폭 하락 차세대 중형위성 2호 탑재 우주발사체 '팰컨9' 발사 성공 (서울=연합뉴스) 스페이스X의 발사체 '팰컨9'이 한국시간으로 3일 오후 4시(현지시각 3일 오전 0시) 미국 캘리포니아주 반덴버그 우주군 기지에서 발사되고 있다. 2026.5","AI_메모리, AI_GPU, 반도체장비",연합뉴스,https://n.news.naver.com/mnews/article/001/0016122796
652b473694b941aca5241e825f78044b,08:00~08:30,08:00,2026-06-06 08:00:00,"지분 사들이는 금융권…코인시장, '쩐의 전쟁' 시작[가상자산 대전환①]",코인/디지털,혼재,"하나銀·삼성 이어 한투도 가상자산 플랫폼 지분투자 나서 레거시, 인프라 확보 위한 자금 투입…거래소 위상 달라져 협력 모멘텀 강화…""STO 등 신사업 선점 노린 전략 판단"" [서울=뉴시스] 조성우 기자 = 사진은 이날 서울 시내 한 시중은행 ATM기기 모습. xconfind@newsis.com [서울=뉴시스] 김진아 기자 = 그간 가상자산을 투기성 자산으로 분류하며 보수적인 태도를 유지해 온","가상자산, 증권",뉴시스,https://n.news.naver.com/mnews/article/003/0013990251
01a6ee58b1c1aabe249bb0574465ea7b,07:00~07:30,07:00,2026-06-06 07:25:06,“여기까지 올라오니 1만피가 저기 보이네”…6월 쉬어가도 천장 열려있다,AI/반도체,긍정,"증권사 연간 목표지수 잇단 상향 올해 AI·반도체 이익 탄탄 코스피 12개월 선행 PER 7배 선진국 19배·신흥국 11배 불과 “지금은 몇 까지 오를까 보다 언제까지 상승 지속될까 물어야” 코스피가 상승 출발해 장중 사상 처음 8,600선을 넘어선 1일 서울 중구 하나은행 딜링룸에서 직원이 업무를 보고 있다. [연합뉴스] 올해 하반기 진입을 앞두고 국내 주요 증권사들이 코스피 목표지수를 잇","AI_메모리, AI_GPU, 반도체장비",매일경제,https://n.news.naver.com/mnews/article/009/0005690053
23ead37bc5a1822f67e0529a677b05b1,07:00~07:30,07:00,2026-06-06 07:18:57,브로드컴發 후폭풍 서학개미 '비명'…마이크론 13%↓,매크로/금리,긍정,"사진=연합뉴스 미국의 고용시장 호조가 연방준비제도(Fed·연준)의 금리 인상 결정으로 이어질 것이란 예상이 확산하면서 5일(현지시간) 뉴욕증시와 미국채, 국제 금값이 동반 급락했다. 이날 뉴욕증시에서 다우존스30 산업평균지수는 전 거래일보다 695.15포인트(-1.35%) 내린 5만866.78에 거래를 마쳤다.","은행, 환율민감주, 수출주",한국경제TV,https://n.news.naver.com/mnews/article/215/0001254478
9be98f52d5d5b43db56d0e4dccea603a,07:00~07:30,07:00,2026-06-06 07:14:05,'깜짝 고용'에 번진 금리인상 기대…주식·국채·금 '트리플 약세',매크로/금리,긍정,"미국 고용시장이 예상을 크게 웃도는 호조를 보이며 연방준비제도(Fed·연준)의 연내 금리 인상 가능성이 부각되자 5일(현지시간) 뉴욕증시와 미 국채, 국제 금값이 일제히 급락했다. 이날 뉴욕증시에서 다우존스30 산업평균지수는 전장보다 695.15포인트(-1.35%) 밀린 50,866.78에 거래를 끝냈다.","은행, 환율민감주, 수출주",한국경제TV,https://n.news.naver.com/mnews/article/215/0001254477
fcec4d5b4322d9d0a59a67057732fbc2,07:00~07:30,07:00,2026-06-06 07:01:18,‘젠슨황 깐부株’ 효과 벌써 끝…두산로보틱스 16% 급락[코주부],로봇,긍정,피지컬 AI 협력 기대에 급등 후 차익실현 브로드컴 쇼크 겹쳐 AI 관련주 전반 약세 두산로보틱스가 제조한 협동로봇. 두산로보틱스 제공 젠슨 황 엔비디아 최고경영자(CEO)의 방한 수혜주로 주목받았던 두산로보틱스가 이틀 연속 급락하며 최근 상승분을 상당 부분 반납했다.,"로봇, AI_인프라",서울경제,https://n.news.naver.com/mnews/article/011/0004628228
635d1b59886413bde1e67ebfd4f50051,06:30~07:00,06:30,2026-06-06 06:31:09,‘오세훈 테마주’ 하루천하…진양화학 9%·천일고속 4% 하락[이런국장 저런주식],바이오,긍정,재선 확정에 급등했던 관련주 하루 만에 약세 정치 이벤트 종료 후 차익실현 매물 쏟아져 세훈 서울시장이 4일 서울시청 로비에서 꽃다발을 받은 뒤 기뻐하고 있다. 연합뉴스 6·3 지방선거에서 재선에 성공한 오세훈 서울시장 관련 테마주가 하루 만에 급락세로 돌아섰다.,제약바이오,서울경제,https://n.news.naver.com/mnews/article/011/0004628223
e644bec0369e374e4924141b1229e206,06:00~06:30,06:00,2026-06-06 06:15:08,"“코스피 로봇 대장주, 다들 아시죠?”...‘현대차 이름표’ 단 ETF 봇물",AI/반도체,혼재,집중형·혼합형…상품군 다양 車 넘어 피지컬AI 강자로 인기 ETF 상품명으로 들어가는 건 반도체 대형주 제외하면 유일 삼성전자·SK하이닉스에 이어 단일종목 레버리지 출시 유력 국내 자본시장에서 삼성전자·SK하이닉스 등 반도체 대형주에 집중됐던 단일 종목과 핵심 밸류체인 투자 열풍이 이번에는 현대차그룹으로 확산되고 있다. 최근 주요 자산운용사들이 현대차를 전면에 내세운 ‘고압축’ 상장지수펀드(,"AI_메모리, AI_GPU, 반도체장비",매일경제,https://n.news.naver.com/mnews/article/009/0005690047
a499a42ef4fabcef69e9db5dcdd7c4bc,06:00~06:30,06:00,2026-06-06 06:01:13,"""한 방에 먹으려다 탈 났다""…삼전닉스 출렁이자 레버리지 '우수수'",AI/반도체,부정,"사진=연합뉴스 [파이낸셜뉴스] ""더 오른다고 해서 들어갔는데, 무작정 버티면 되는 걸까요?"" 삼성전자·SK하이닉스 급락에 개인 투자자들이 울상 짓고 있다. 인공지능(AI)발 반도체 초호황 기대감에 주가 상승에 베팅했지만, 뒤늦게 진입한 투자자들의 경우 마이너스 수익률을 면치 못하게 됐다.","AI_메모리, AI_GPU, 반도체장비",파이낸셜뉴스,https://n.news.naver.com/mnews/article/014/0005531251
dd1290282c020a5e9252e1fef67ebd62,06:00~06:30,06:00,2026-06-06 06:00:02,"허풍률 81%에도 ‘조만장자’ 임박…머스크의 꿈, 왜 잘 팔릴까?",AI/반도체,혼재,일론 머스크 3D 프린팅 미니어처 모델과 SpaceX 로고를 함께 촬영했다. 로이터=연합뉴스 일론 머스크 테슬라 최고경영자(CEO)가 인류 최초의 ‘조만장자(Trillionaire)’ 등극을 눈앞에 뒀다.,"AI_메모리, AI_GPU, 반도체장비",중앙일보,https://n.news.naver.com/mnews/article/025/0003528397
935801a3048fd6027579aa27315a39b7,06:00~06:30,06:00,2026-06-06 06:00:00,"피지컬AI 올라탄 현대차…""토요타 넘어 테슬라와 경쟁"" [종목현미경]",로봇,중립,"""엔비디아와 협업 통해 자체 자율주행 브랜드와 파운드리 병행"" ""로봇 분야에서는 중국 전기차 보다 앞서…AI 수준은 비슷"" HMG 드라이빙 익스피리언스 센터 주행시험장을 달리는 현대 아이오닉 6 N(오른쪽)과 기아 EV6 GT(왼쪽), 제네시스 GV60 마그마(가운데) (현대차·기아 제공. 재판매 및 DB 금지) 2026.5.6 ⓒ 뉴스1 (서울=뉴스1) 손엄지 기자 = 현대차가 도요타를 넘","로봇, AI_인프라",뉴스1,https://n.news.naver.com/mnews/article/421/0008988505
3d1bb98da955db4fc338a8666de01688,05:00~05:30,05:00,2026-06-06 05:08:11,[속보]나스닥 4.2% 급락…AI 거품 우려·금리인상 전망에 투매,매크로/금리,부정,"예상 웃돈 고용에 연내 금리인상 베팅 급증 필라델피아 반도체지수 9% 폭락…나스닥 1년여 만에 최대 낙폭 비트코인 6만달러 붕괴…주식·채권·가상자산 동반 급락 [뉴욕=이데일리 김상윤 특파원] 인공지능(AI) 열기에 랠리를 펼쳐왔던 뉴욕증시가 급락했다. 예상보다 훨씬 강한 고용지표가 발표되면서 연방준비제도(Fed)의 금리 인상 가능성이 급부상한 가운데, 인공지능(AI) 열풍으로 급등했던 반도체","은행, 환율민감주, 수출주",이데일리,https://n.news.naver.com/mnews/article/018/0006299025
75617d5319c750dd0156660bade98bfa,05:00~05:30,05:00,2026-06-06 05:00:00,"""10종목 중 4개 겨우 상승”…다음주 코스피 변동성 ‘경고등’",매크로/금리,긍정,"스페이스X 상장, 미국 CPI 등 대외 변수 주목 개인 투자자 수급, 업종별 선별 투자 필요 단기 변동성 국면 진입 관측 [쩐널리즘] 코스피가 반도체 주도 급등 이후 단기 변동성 국면에 접어들 수 있다는 분석이 나온다. 6일 대신증권은 현재 코스피의 상승종목비율(ADR·20일 이동평균)이 40%대까지 떨어졌다고 밝혔다.","은행, 환율민감주, 수출주",한국경제TV,https://n.news.naver.com/mnews/article/215/0001254476
a7891d1a372a19461abfa64b3bba59f5,04:00~04:30,04:00,2026-06-06 04:26:10,금리인상 베팅에 AI 랠리 급제동…나스닥 4% 급락중,매크로/금리,혼재,"5월 고용 17만2000명 증가…금리 인상 전망 급부상 나스닥 4%↓·반도체지수 9%↓…작년 4월 이후 최대 낙폭 스와프시장 ""연내 1회 인상"" 완전 반영 비트코인 6만달러 붕괴…주식·채권·가상자산 동반 급락 [뉴욕=이데일리 김상윤 특파원] 뉴욕증시가 5일(현지시간) 강한 고용지표 충격에 급락하고 있다. 시장이 연방준비제도(Fed)의 다음 행보를 금리 인상으로 재조정하는 가운데 올해 증시 상","은행, 환율민감주, 수출주",이데일리,https://n.news.naver.com/mnews/article/018/0006299022
f16c6517813bce3326253977f4b527f8,00:00~00:30,00:00,2026-06-06 00:01:42,"'현정은 백기사' H&Q, 현대엘리 투자금 전량 회수[주간사모펀드]",AI/반도체,긍정,"어펄마 등 PEF, MBK 넥스플렉스 매각 숏리스트 올라 PTA PE, 5년 만에 한국펀드파트너스 매각 절차 돌입 6일 투자은행업계에 따르면 H&Q코리아는 지난 2023년 쉰들러홀딩스와 소송 패소로 배상금 마련에 어려움을 겪는 현대엘리베이터를 구원하기 위해 투자한 금액을 최근 전액 회수했다. /현대엘리베이터 [더팩트ㅣ이한림 기자] 현대엘리베이터에 경영진 우호 지분을 투자하면서 현정은 현대그룹","AI_메모리, AI_GPU, 반도체장비",더팩트,https://n.news.naver.com/mnews/article/629/0000505487
5e8b01cd92ba0adde8c8762bf9800cd0,00:00~00:30,00:00,2026-06-06 00:00:00,"삼전닉스 60조 팔고 '눈길' 준 곳이…""비결이 뭐야?""",AI/반도체,부정,"외인 20일째 매도…두산로보·파두·삼성SDI 러브콜 반도체→비 반도체 '순환매' 본격?…투자자 '촉각' ""펀더멘탈 악재 없어""…주도주 신뢰 '굳건' 평가도 삼성전자와 SK하이닉스 그래픽. 사진=한경DB 5일 서울 홍대 앞은 젠슨 황 엔비디아 최고경영자(CEO)와 국내 대기업 총수들의 '삼소(삼겹살·소주) 회동'으로 '불금'을 불태웠지만, 이에 앞서 마감한 주식시장은 '검은 금요일'로 장식됐다","AI_메모리, AI_GPU, 반도체장비",한국경제TV,https://n.news.naver.com/mnews/article/215/0001254475
