source,uid,시간,제목,분류,영향,핵심,관련섹터,언론사,링크
breaking,588435a7047345df16e6aa692713a56a,2026-06-06 10:32,"스페이스X, ‘매출 5000조’ 전망…“밸류에이션 뻥튀기·환상론” 우려도",기타/시장잡음,부정,일론 머스크의 우주항공기업 스페이스X가 오는 12일 미국 나스닥 시장 상장을…,-,이코노미스트,https://n.news.naver.com/mnews/article/243/0000098779
breaking,e127f5448518ce0a577d82f1af5e694e,2026-06-06 10:26,美 ‘깜짝 고용’에 뉴욕증시 급락... 환율 1560원 돌파,매크로/금리,혼재,기준금리 인상 우려 커져 주식·채권·금값 동반 약세 미국 고용지표가 전문가…,"은행, 환율민감주, 수출주",조선일보,https://n.news.naver.com/mnews/article/023/0003980579
breaking,ee49f6acfc426698e31e0b92ed504080,2026-06-06 10:21,금리인상 기대에…뉴욕증시·국제 금값 동반 급락,매크로/금리,혼재,미국의 고용시장 호조가 연방준비제도의 금리 인상 결정으로 이어질 것이란 기대감이…,"은행, 환율민감주, 수출주",연합뉴스TV,https://n.news.naver.com/mnews/article/422/0000871948
breaking,d547cf98bcff6ec17325e137f8373db9,2026-06-06 10:20,"수익률 -16%에도 '사자'…8,600억 뭉칫돈 몰려간 곳",우주항공,중립,오는 12일(현지시간) 미국 항공우주기업 스페이스X의 나스닥 상장을 앞두고…,"우주항공, 방산",한국경제TV,https://n.news.naver.com/mnews/article/215/0001254490
breaking,ba9845aa9e2f9c30f6d937a8a9423842,2026-06-06 10:05,“젠슨황 새 찐친 소개합니다”…1주일새 50% 뛴 두산로보틱스 [이주의 Bull기둥],로봇,혼재,1분기 매출 전년比 189% ‘껑충’ 美 원엑시아 시너지·증설 박차 내년 AI…,"로봇, AI_인프라",매일경제,https://n.news.naver.com/mnews/article/009/0005690082
breaking,2790911718ac94d49ffb2e95e7ba3cc4,2026-06-06 10:05,스페이스X 상장 임박…국내 우주 ETF에 뭉칫돈,우주항공,중립,일론 머스크의 우주기업 스페이스X 상장이 임박하면서 국내 우주항공 테마 ETF에…,"우주항공, 방산",이데일리,https://n.news.naver.com/mnews/article/018/0006299076
breaking,708e6efd7fb1e179065986bdfa103f29,2026-06-06 10:00,AI發 훈풍에 뭉칫돈 몰린 반도체·전력 ETF… 차기 투자처는?,AI인프라/전력,긍정,지난 5월 반도체와 전력 테마 ETF(상장지수펀드)에 자금이 몰렸다.,"전력기기, 원전, 데이터센터",머니투데이,https://n.news.naver.com/mnews/article/008/0005367954
breaking,cd2093579a7423f1bf476510b4e919e9,2026-06-06 09:52,“잘 있어라 개미들아” 삼전서 ‘30조’ 팔아치운 외인…그 돈 다 어디로 흘러갔나 보니,AI/반도체,중립,"코스피 단기 급등 이후 조정 국면이 이어지는 사이, 외국인 투자자가 삼성전자와…","AI_메모리, AI_GPU, 반도체장비",서울경제,https://n.news.naver.com/mnews/article/011/0004628259
breaking,9fe06c6fc074195d06b2f34963fe190a,2026-06-06 09:49,"""삼전닉스 2배 벌자"" 개미들, 반도체ETF 팔고 '삼전닉스 레버리지'로 대이동",AI/반도체,중립,최근 개인투자자들이 일반 반도체 상장지수펀드(ETF)를 대거 매도하는 대신…,"AI_메모리, AI_GPU, 반도체장비",아시아경제,https://n.news.naver.com/mnews/article/277/0005772614
breaking,d5d88fe2de646a42d83556db54026686,2026-06-06 09:36,IMF 위환위기·금융위기·올해 6월5일…환율 3대 고점 모아보니,매크로/금리,부정,원/달러 환율이 글로벌 금융위기 이후 처음으로 1560원을 넘어서는 극심한 원화…,"은행, 환율민감주, 수출주",머니투데이,https://n.news.naver.com/mnews/article/008/0005367949
breaking,30da3cc819536a44f71bd7abfd303e43,2026-06-06 09:35,"""삼전닉스 2배 ETF, 내건 왜 더 낮지?""…수익률 성적표 보니",AI/반도체,중립,삼성전자·SK하이닉스 단일종목 레버리지 ETF(상장지수펀드)의 상장 후 첫…,"AI_메모리, AI_GPU, 반도체장비",머니투데이,https://n.news.naver.com/mnews/article/008/0005367948
breaking,e13ccf8ad3fdc763494525e7abb3f204,2026-06-06 09:31,멈춰선 SK실트론 매각…M&A 시장에 ‘새드 엔딩’은 없다,기타/시장잡음,중립,멈춰선 SK실트론 매각…M&A 시장에 ‘새드 엔딩’은 없다,-,이데일리,https://n.news.naver.com/mnews/article/018/0006299066
breaking,154de228d4967e08a4d8e11a5a007bd7,2026-06-06 09:31,하루 만에 20% 급락…삼전닉스 레버리지 ‘직격탄’,AI/반도체,혼재,인공지능 AI발 반도체 초호황 기대감에 삼성전자와 SK하이닉스 상승에 베팅했던…,"AI_메모리, AI_GPU, 반도체장비",이코노미스트,https://n.news.naver.com/mnews/article/243/0000098773
breaking,37ee350715f9e6bec687fbd52ceb02b7,2026-06-06 09:23,세계최대 비트코인 보유기업 스트래티지는 왜 4년만에 비트코인을 팔았을까 [주末머니],코인/디지털,혼재,비트코인의 약세가 지속되고 있다.,"가상자산, 증권",아시아경제,https://n.news.naver.com/mnews/article/277/0005772613
breaking,e7e0c919efad93b0f14a1421fb726a11,2026-06-06 09:16,'브로드컴 쇼크'…삼전닉스 비명 터질때 이 주식은 환호성 터졌다[김근희의 증시 랩업],AI/반도체,부정,증시는 살아 있는 생명체와 같아서 늘 시시각각 변합니다.,"AI_메모리, AI_GPU, 반도체장비",머니투데이,https://n.news.naver.com/mnews/article/008/0005367946
breaking,32c30d191e44256981a1d8de8dd19fc4,2026-06-06 09:02,머스크 또 '돈벼락' 맞나…'5000조' 파격 전망에 관심 폭발,기타/시장잡음,중립,일론 머스크가 이끄는 우주기업 스페이스X의 매출이 2040년 5000조원대에…,-,한국경제,https://n.news.naver.com/mnews/article/015/0005295620
breaking,330b2ff03a499388ad03531e6a55c447,2026-06-06 09:01,"""주식 5년 했다며? 돈좀 벌었어?"", '이 습관' 때문에 웃지 못하는 김대리[인치범의 주식투자 부트캠프]",기타/시장잡음,중립,잦은 시세 확인은 뇌를 자극해 불필요하고 충동적인 거래를 유발합니다.,-,파이낸셜뉴스,https://n.news.naver.com/mnews/article/014/0005531268
breaking,81ef2096ed4a7b3ae79bb14fc4868a83,2026-06-06 09:01,"""월드컵 뛰는 심정으로""…멕시코 향하는 K-의료AI",기타/시장잡음,중립,2026 북중미 국제축구연맹(FIFA) 월드컵에서 한국 대표팀과 조별리그에서…,-,뉴시스,https://n.news.naver.com/mnews/article/003/0013990336
breaking,fdbb466b556f2a5afdc285b9378473cd,2026-06-06 09:00,[ETF워치]증시 변동성에도 ETF 유입자금 더 늘어,기타/시장잡음,중립,이번 주 코스피는 극심한 변동성을 보였습니다.,-,비즈워치,https://n.news.naver.com/mnews/article/648/0000047758
breaking,1eb874a7b61f3ce3680cfcf8397cb306,2026-06-06 09:00,"대신證, 금리 재상승에 운용·조달 방어력 시험대",매크로/금리,혼재,대신증권의 1분기 호실적 이면에 금리 민감도 관리라는 과제가 부각되고 있다.,"은행, 환율민감주, 수출주",블로터,https://n.news.naver.com/mnews/article/293/0000085874
breaking,97a01db51fc0d0fa6cdb0017f7217941,2026-06-06 09:00,[IPO챗] 6월 둘째주 피스피스스튜디오 상장…수요예측 4곳,기타/시장잡음,중립,시장 활기 기대…올해 상장기업·공모금액 작년 절반도 안돼 6월 둘째 주…,-,연합뉴스,https://n.news.naver.com/mnews/article/001/0016122830
breaking,08ff81d7ae279c9a81ff713327223422,2026-06-06 09:00,'스페이스X' 상장 임박…우주항공 ETF에 兆단위 뭉칫돈 유입,우주항공,긍정,일론 머스크의 우주항공기업 '스페이스X'가 오는 12일(현지시간) 역대 최대…,"우주항공, 방산",뉴시스,https://n.news.naver.com/mnews/article/003/0013990326
breaking,c6064727b66b8e09e796d1c0fadf0b4f,2026-06-06 08:49,"[주末머니]환율 왜 안떨어질까…""달러당 1500원대 머물 수도""",매크로/금리,혼재,달러화 대비 원화 환율이 종전 기대감 등에 따라 단기 조정을 받더라도 상승…,"은행, 환율민감주, 수출주",아시아경제,https://n.news.naver.com/mnews/article/277/0005772607
breaking,163d5d09e7ac11d2c952521ca21ba65b,2026-06-06 08:41,"트럼프, AI 기업 정부 지분 확보 추진…""가까운 미래 만날 것""",기타/시장잡음,중립,도널드 트럼프 미국 대통령이 테크 시장의 핵심인 인공지능(AI) 개발 기업들의…,-,아시아경제,https://n.news.naver.com/mnews/article/277/0005772606
breaking,7ae9908d4abba8f21124f24624cebb09,2026-06-06 08:36,"美, 한국에 '스마트 폭탄' JDAM 수출 승인…1억600만달러 규모",매크로/금리,중립,미국 정부가 한국에 정밀유도폭탄인 합동정밀직격탄(JDAM) 관련 장비와 기술의…,"은행, 환율민감주, 수출주",아시아경제,https://n.news.naver.com/mnews/article/277/0005772604
breaking,4f4cf94eb293241b764e239776ad76d3,2026-06-06 08:33,"비트코인 한때 6만 달러 붕괴…""AI가 가상화폐 밀어내 VS 저점 매수 기회""",코인/디지털,중립,가상화폐 시가총액 1위 종목인 비트코인 가격이 심리적 마지노선인 6만 달러…,"가상자산, 증권",아시아경제,https://n.news.naver.com/mnews/article/277/0005772603
breaking,bc94f974fbac440561b0470d9081902b,2026-06-06 08:32,피지컬 AI 테마 부상…삼전·현차 담은 채권혼합형 상품 등장[ETF언박싱],기타/시장잡음,중립,피지컬 인공지능(AI) 관련 기업에 투자하면서 채권을 함께 편입하는…,-,이데일리,https://n.news.naver.com/mnews/article/018/0006299055
breaking,3bd010b4227c502834b0c0fda04485cf,2026-06-06 08:30,"이란 대통령, 전쟁 중인데 '사임설' 나온 이유[시사쇼]",기타/시장잡음,중립,■ 방송 : 아시아경제 '소종섭의 시사쇼' ■ 진행 : 소종섭 정치스페셜리스트…,-,아시아경제,https://n.news.naver.com/mnews/article/277/0005772602
breaking,b05754c6ce8b7c7cfc5d8786c08b3bce,2026-06-06 08:24,"[주末머니]""6월 선진국 지수 더 오른다…미국>유럽>일본 순""",기타/시장잡음,중립,6월 선진국 지수가 추가 상승 여력을 보유하고 있다는 국내 증권가 진단이 나왔다.,-,아시아경제,https://n.news.naver.com/mnews/article/277/0005772600
breaking,af52fe9963c3912c410a871d08251544,2026-06-06 08:12,삼성전자 30조 판 외국인…'리밸런싱' 자금 어디로?,한국증시/수급,중립,코스피가 단기 급등 이후 조정 국면에 들어선 가운데 외국인 투자자들이 대형…,"대형주, 코스피지수",이코노미스트,https://n.news.naver.com/mnews/article/243/0000098767
breaking,83e2e03c7ba8720ab90e5d465ebd3505,2026-06-06 08:03,삼성증권 “하반기 엔비디아 밸류체인 관심 재개 기대”,AI/반도체,긍정,젠슨 황 엔비디아 CEO.,"AI_메모리, AI_GPU, 반도체장비",문화일보,https://n.news.naver.com/mnews/article/021/0002795839
breaking,56e2a66a2dd676069bb3437d27016f40,2026-06-06 08:02,"폭락장 부른 '이 종목'…증권가선 ""매수 기회""",기타/시장잡음,부정,인공지능(AI) 반도체 시장의 핵심 수혜주로 꼽히는 브로드컴(티커명 AVGO)…,-,이데일리,https://n.news.naver.com/mnews/article/018/0006299048
breaking,4f9a3c9c6fc70b2b81316b91bf669f09,2026-06-06 08:01,비트코인 32개 팔았을 뿐인데…시장 뒤흔든 스트래티지,코인/디지털,혼재,세계 최대 가상 자산 재무전략 미국 기업인 스트래티지(Strategy)의…,"가상자산, 증권",데일리안,https://n.news.naver.com/mnews/article/119/0003098318
breaking,56583fb2fb211953e1911b1eb82beeb9,2026-06-06 08:00,"코스콤, 현충원 묘역 정화 활동…호국보훈의 달 ESG 실천",기타/시장잡음,중립,코스콤이 호국보훈의 달을 맞아 국립서울현충원을 찾아 묘역 정화 활동을 진행했다.,-,데일리안,https://n.news.naver.com/mnews/article/119/0003098317
breaking,0afb1bbcc2027d7374ad342ff32287ac,2026-06-06 08:00,[머니플로우] 스페이스X 상장 임박…'우주테크' ETF 자금유입 '쑥',우주항공,긍정,"미래에셋證, 전문투자자 대상 공모주 청약 시작…개미, ETF·펀드 통한 간접…","우주항공, 방산",연합뉴스,https://n.news.naver.com/mnews/article/001/0016122796
breaking,45307cf7dc916b3adaad045676ec3f2e,2026-06-06 08:00,"지분 사들이는 금융권…코인시장, '쩐의 전쟁' 시작[가상자산 대전환①]",코인/디지털,중립,그간 가상자산을 투기성 자산으로 분류하며 보수적인 태도를 유지해 온 전통…,"가상자산, 증권",뉴시스,https://n.news.naver.com/mnews/article/003/0013990251
breaking,a41af3f6d6496c8a7611a99b1778c5df,2026-06-06 07:53,코스피 5% 급락…8000선 경고등 켜졌다,한국증시/수급,부정,▲ AI 프리즘* 맞춤형 경제 브리핑 * 편집자 주: ‘AI…,"대형주, 코스피지수",서울경제,https://n.news.naver.com/mnews/article/011/0004628245
breaking,dceb1e95f4780ec9a2fb16c6c05f65c0,2026-06-06 07:52,AI 에이전트 시대 선언…원화 스테이블코인 띄웠다,코인/디지털,중립,▲ AI 프리즘* 맞춤형 경제 브리핑 * 편집자 주: ‘AI…,"가상자산, 증권",서울경제,https://n.news.naver.com/mnews/article/011/0004628244
breaking,11bb943642e01d6eb216adfd1a88c1fb,2026-06-06 07:52,"김영훈 노동장관 “AI 대기업 초과이익, 협력사와 나눠야”",기타/시장잡음,중립,▲ AI 프리즘* 맞춤형 경제 브리핑 * 편집자 주: ‘AI…,-,서울경제,https://n.news.naver.com/mnews/article/011/0004628243
breaking,82b6660ce6e63dac04b24b592fc13961,2026-06-06 07:52,"한국지역난방공사, 신입 72명 채용…13~20일 원서 접수",기타/시장잡음,중립,▲ AI 프리즘* 맞춤형 경제 브리핑 * 편집자 주: ‘AI…,-,서울경제,https://n.news.naver.com/mnews/article/011/0004628242
