Ticker,종목명,Close,RS_rating,TT_pass,RS_pass,Minervini_pass,Minervini_score,early_stage_score,R3M,R6M,R12M,C1_Price>MA150&200,C2_MA150>MA200,C3_MA200_up_22d,C4_MA50>MA150&200,C5_+25%_from_low,C6_within_25%_high,Days_passed
005090,SGC에너지,63000.0,92.4,True,True,True,74.49,25.103257365726968,28.440366972477072,58.890290037831015,160.8695652173913,1,1,1,1,1,1,10
161890,한국콜마,137100.0,87.6,True,True,True,74.01,29.913390106681682,53.18435754189945,88.58321870701513,54.04494382022471,1,1,1,1,1,1,11
131290,티에스이,226500.0,98.3,True,True,True,72.3,9.920753376220889,0.0,161.84971098265896,460.64356435643566,1,1,1,1,1,1,9
181710,NHN,73400.0,94.2,True,True,True,72.23,15.165967843685038,92.14659685863876,97.57738896366084,148.81355932203388,1,1,1,1,1,1,7
078930,GS,116700.0,91.1,True,True,True,70.01,11.904011600545786,54.56953642384106,64.1350210970464,143.37851929092804,1,1,1,1,1,1,13
402340,SK스퀘어,1120000.0,99.0,False,True,False,69.41,16.030156245890634,-2.777777777777779,99.28825622775801,705.7553956834532,1,1,1,1,1,0,0
089860,롯데렌탈,45850.0,81.1,True,True,True,68.78,21.122759121855484,44.182389937106926,35.65088757396451,52.07296849087895,1,1,1,1,1,1,19
089970,브이엠,58600.0,96.9,False,True,False,68.53,15.899254360985891,-2.170283806343909,72.3529411764706,425.0896057347671,1,1,1,1,1,0,0
319660,피에스케이,122100.0,97.9,False,True,False,68.47,14.372375739849328,12.327506899724018,110.88082901554404,469.2307692307692,1,1,1,1,1,0,0
001450,현대해상,49400.0,83.2,True,True,True,67.98,15.681778712168601,30.000000000000004,38.18181818181819,84.32835820895524,1,1,1,1,1,1,11
036930,주성엔지니어링,168600.0,99.0,False,True,False,67.94,11.14862204357847,-8.963282937365014,230.58823529411762,503.2200357781753,1,1,1,1,1,0,0
095610,테스,133800.0,97.3,False,True,False,67.92,13.336455724648793,12.62626262626263,101.20300751879698,432.0079522862823,1,1,1,1,1,0,0
024840,KBI메탈,5290.0,96.9,False,True,False,67.91,13.838485293701508,143.21839080459768,194.543429844098,159.31372549019608,1,1,1,1,1,0,0
064290,인텍플러스,32100.0,93.8,False,True,False,67.51,16.641203049627926,13.427561837455837,87.5,237.18487394957984,1,1,1,1,1,0,0
009150,삼성전기,1318000.0,99.3,False,True,False,67.02,7.680308142166476,8.745874587458747,321.76,720.161792159303,1,1,1,1,1,0,0
000660,SK하이닉스,1761000.0,98.6,False,True,False,67.01,8.55075141926209,-7.461902259590126,98.75846501128669,585.2140077821011,1,1,1,1,1,0,0
420770,기가비스,106800.0,94.5,False,True,False,66.83,13.43915639570989,-14.900398406374505,86.06271777003485,302.2598870056497,1,1,1,1,1,0,0
001820,삼화콘덴서,90600.0,94.8,False,True,False,66.82,13.008708669719216,15.4140127388535,147.54098360655738,236.17810760667902,1,1,1,1,1,0,0
241710,코스메카코리아,135800.0,89.3,True,True,True,66.37,2.1538029992194354,84.76190476190477,34.856007944389276,103.9039039039039,1,1,1,1,1,1,5
031980,피에스케이홀딩스,109000.0,90.7,False,True,False,65.8,15.065815462543181,-14.643696162881758,47.297297297297305,226.34730538922153,1,1,1,1,1,0,0
222800,심텍,100500.0,92.1,False,True,False,65.76,13.065159444310247,-17.8921568627451,97.44597249508841,264.1304347826087,1,1,1,1,1,0,0
041830,인바디,60200.0,88.7,True,True,True,65.71,0.7663677935132922,42.148760330578504,75.76642335766424,111.22807017543859,1,1,1,1,1,1,13
080220,제주반도체,73500.0,96.2,False,True,False,65.68,7.3205069684565744,-37.60611205432938,60.65573770491803,395.9514170040486,1,1,1,1,1,0,0
353200,대덕전자,104300.0,95.2,False,True,False,65.62,8.460221739094058,-28.756830601092897,81.3913043478261,344.77611940298505,1,1,1,1,1,0,0
010950,S-Oil,142400.0,85.6,True,True,True,65.34,3.6703570164787935,32.0964749536178,33.33333333333333,131.54471544715446,1,1,1,1,1,1,33
019210,와이지-원,14600.0,88.0,False,True,False,64.84,15.471390306709498,-19.64777105118327,57.66738660907127,154.3554006968641,1,1,1,1,1,0,0
417840,저스템,11850.0,92.1,False,True,False,64.72,9.589319460964747,-34.56653782440641,80.36529680365297,200.0,1,1,1,1,1,0,0
010170,대한광통신,12120.0,99.7,False,True,False,64.29,-1.9566631534244339,-47.532467532467535,251.30434782608697,1069.88416988417,1,1,1,1,1,0,0
005930,삼성전자,270000.0,93.1,False,True,False,64.24,6.665332076372666,-8.47457627118644,48.02631578947369,276.04456824512533,1,1,1,1,1,0,0
007810,코리아써키트,55600.0,95.5,False,True,False,63.9,18.993247241445324,-42.2037422037422,-4.794520547945202,355.36445536445535,0,1,1,1,1,0,0
034730,SK,588000.0,90.0,False,True,False,63.78,9.26880672091024,2.977232924693518,67.28307254623044,207.2100313479624,1,1,1,1,1,0,0
119850,지엔씨에너지,48500.0,83.5,True,True,True,63.66,0.8727916146621733,78.63720073664825,27.63157894736843,39.568345323741006,1,1,1,1,1,1,2
009420,한올바이오파마,57000.0,76.3,True,True,True,63.21,8.95340493118604,11.984282907662092,4.20475319926874,105.40540540540539,1,1,1,1,1,1,11
073240,금호타이어,7060.0,75.6,True,True,True,62.88,8.811145874111979,44.96919917864477,1.0014306151645114,47.390396659707726,1,1,1,1,1,1,4
017900,광전자,7940.0,97.9,False,True,False,62.86,-4.324440606022014,-42.043795620437955,313.75716519020324,317.0168067226891,1,1,1,1,1,0,0
144960,뉴파워프라즈마,9740.0,80.8,True,True,True,62.81,1.6226939418927218,2.310924369747891,61.25827814569536,77.73722627737227,1,1,1,1,1,1,15
000810,삼성화재,652000.0,71.1,True,True,True,62.49,13.484684793193024,15.194346289752648,16.63685152057246,50.403690888119954,1,1,1,1,1,1,56
017670,SK텔레콤,104200.0,78.4,True,True,True,62.35,3.3083238544893794,0.6763285024154575,20.184544405997684,86.07142857142858,1,1,1,1,1,1,5
032830,삼성생명,311500.0,83.8,False,True,False,62.32,12.672495206458645,-11.253561253561251,50.48309178743962,152.2267206477733,1,1,1,1,1,0,0
006340,대원전선,13250.0,96.6,False,True,False,62.07,-5.243665975967023,-12.943495400788441,251.45888594164458,331.5960912052117,1,1,1,1,1,0,0
278470,에이피알,382500.0,76.6,True,True,True,61.94,4.325362618162842,-4.015056461731492,40.1098901098901,64.87068965517241,1,1,1,1,1,1,13
093370,후성,11940.0,80.8,False,True,False,61.6,14.279351126326194,-1.5663643858202847,47.40740740740741,138.32335329341316,1,1,1,1,1,0,0
006360,GS건설,33250.0,80.1,True,True,True,61.41,-2.101823581183471,7.258064516129026,50.11286681715576,70.33811475409837,1,1,1,1,1,1,9
005830,DB손해보험,177500.0,67.0,False,False,False,61.32,31.721315200437843,13.782051282051277,-2.6864035087719285,39.2156862745098,1,1,1,0,1,1,0
007340,DN오토모티브,44450.0,78.7,False,True,False,60.98,15.0,1.6000000000000014,36.34969325153374,72.95719844357977,1,1,1,1,1,0,0
066570,LG전자,193500.0,85.2,False,True,False,60.58,5.008432502273676,-16.594827586206897,64.12213740458014,151.2987012987013,1,1,1,1,1,0,0
440110,파두,61900.0,95.9,False,True,False,60.52,7.213915150578164,-46.95801199657241,18.582375478927204,357.5018477457502,0,1,1,1,1,0,0
475150,SK이터닉스,51300.0,90.4,False,True,False,60.28,-2.933811249186195,20.564042303172748,87.22627737226279,111.11111111111111,1,1,1,1,1,0,0
088350,한화생명,5470.0,71.8,True,True,True,59.78,3.5288522035614416,0.3669724770642091,13.25051759834368,61.11929307805597,1,1,1,1,1,1,6
282330,BGF리테일,140700.0,62.2,False,False,False,59.7,32.747752166026615,6.188679245283013,0.9325681492108995,16.08910891089108,1,1,1,0,1,1,0
105560,KB금융,163300.0,65.6,True,False,False,59.43,10.634938966325798,5.354838709677412,-2.913198573127229,44.385499557913356,1,1,1,1,1,1,131
084370,유진테크,128700.0,87.3,False,True,False,59.4,14.923501156150309,-0.617760617760621,18.836565096952906,190.84745762711864,0,1,1,1,1,0,0
010060,OCI홀딩스,265500.0,86.6,False,True,False,59.34,-0.9876343425973585,-6.678383128295251,77.47326203208556,169.54314720812184,1,1,1,1,1,0,0
055550,신한지주,103900.0,67.7,True,False,False,59.34,7.544715032474803,9.599156118143458,0.38647342995168366,50.579710144927525,1,1,1,1,1,1,139
011070,LG이노텍,554000.0,91.8,False,True,False,59.26,8.478056049672483,-33.01088270858524,127.04918032786887,249.3064312736444,0,1,1,1,1,0,0
086790,하나금융지주,128400.0,68.4,True,False,False,59.15,5.981824040642797,7.989907485281744,-0.07782101167315147,51.058823529411754,1,1,1,1,1,1,38
090360,로보스타,78000.0,86.6,False,True,False,59.06,-1.9207937762467757,-9.61761297798378,-1.0152284263959421,185.19195612431446,1,1,1,1,1,0,0
122640,예스티,29550.0,77.3,False,True,False,58.83,9.692756718283514,14.75728155339806,30.176211453744493,62.809917355371894,1,1,1,1,1,0,0
028670,팬오션,5850.0,70.1,True,True,True,58.83,2.6274779037419953,0.1712328767123239,15.157480314960626,40.963855421686745,1,1,1,1,1,1,13
170920,엘티씨,35750.0,89.7,False,True,False,58.74,9.521300239825225,-18.75,34.398496240601496,211.95462478184993,0,1,1,1,1,0,0
327260,RF머트리얼즈,32900.0,96.6,False,True,False,58.66,16.7395565107808,-62.6560726447219,-15.186512335335511,411.74366153367555,0,1,1,0,1,0,0
240810,원익IPS,107900.0,89.0,False,True,False,58.57,9.890954197176441,-12.418831168831169,-1.1904761904761862,206.09929078014187,0,1,1,1,1,0,0
067310,하나마이크론,35000.0,86.9,False,True,False,58.53,12.557520990774146,-35.77981651376147,5.740181268882183,188.30313014827018,0,1,1,1,1,0,0
281820,케이씨텍,64100.0,73.5,False,True,False,58.33,13.097376389605817,-9.845288326300983,39.34782608695653,94.5371775417299,1,1,1,1,1,0,0
028260,삼성물산,376500.0,79.4,False,True,False,58.27,5.029379509233338,-7.946210268948651,17.84037558685445,131.26535626535625,1,1,1,1,1,0,0
000500,가온전선,157700.0,80.4,False,True,False,57.54,17.93492929546676,-61.44254278728607,79.20454545454545,136.07784431137725,0,1,1,1,1,0,0
161390,한국타이어앤테크놀로지,66300.0,64.9,True,False,False,57.35,4.622071534537197,7.804878048780495,-7.916666666666671,49.32432432432432,1,1,1,1,1,1,36
043260,성호전자,18120.0,100.0,False,True,False,57.27,7.579514444474345,-53.65728900255755,-16.497695852534566,1577.7777777777778,0,1,1,0,1,0,0
047040,대우건설,15930.0,95.9,False,True,False,57.23,-3.7690242192158228,-43.80952380952381,118.21917808219177,315.9268929503917,0,1,1,1,1,0,0
010120,LS ELECTRIC,188100.0,88.0,False,True,False,57.08,6.260442752611807,-30.333333333333336,41.85520361990951,197.1563981042654,0,1,1,1,1,0,0
008930,한미사이언스,44950.0,68.0,False,False,False,56.79,31.963888532449115,39.81337480559877,8.313253012048193,3.930635838150298,1,0,1,0,1,1,0
033780,KT&G,172600.0,55.7,True,False,False,56.6,14.390071273714224,-3.951029493600444,-0.5760368663594417,17.976760082023247,1,1,1,1,1,1,155
483650,달바글로벌,216000.0,66.7,True,False,False,56.52,-0.5499535713000164,1.6470588235294015,24.352331606217614,-9.812108559498956,1,1,1,1,1,1,25
004170,신세계,400000.0,80.1,False,True,False,56.19,13.82171066366805,-30.795847750865057,9.8901098901099,133.50846468184469,0,1,1,1,1,0,0
083450,GST,42900.0,76.6,False,True,False,56.1,1.5384598296467513,-24.33862433862434,50.0,120.56555269922877,1,1,1,1,1,0,0
332570,PS일렉트로닉스,8970.0,81.4,False,True,False,54.77,7.378536839963706,-24.6218487394958,52.55102040816326,127.37642585551332,1,1,1,0,1,0,0
031330,에스에이엠티,7850.0,83.8,False,True,False,54.4,2.9300270045002947,-46.9235970250169,65.0893796004206,160.79734219269102,0,1,1,1,1,0,0
028050,삼성E&A,45150.0,72.5,False,True,False,54.16,0.5387416103993012,-12.330097087378643,32.79411764705882,67.84386617100371,1,1,1,1,1,0,0
012330,현대모비스,500000.0,68.7,False,False,False,53.62,3.8139850924508485,-23.78048780487805,14.547537227949592,69.20473773265653,1,1,1,1,1,0,0
006400,삼성SDI,490500.0,77.7,False,True,False,53.57,8.307064505227457,-19.59016393442623,29.933774834437088,125.0,1,1,1,0,1,0,0
319400,현대무벡스,22850.0,94.8,False,True,False,53.47,1.828791271385136,-38.739946380697056,-16.757741347905288,344.5525291828794,0,1,1,0,1,0,0
018260,삼성에스디에스,225500.0,72.9,False,True,False,53.32,-2.81155229865855,23.02236770321877,32.258064516129025,45.860284605433364,1,1,1,1,1,0,0
192820,코스맥스,270000.0,80.4,False,True,False,53.26,3.670037895250022,52.974504249291776,33.00492610837438,3.6468330134356908,1,1,0,0,1,1,0
001510,SK증권,2955.0,79.7,False,True,False,52.66,19.28320826430172,-24.71337579617834,21.504934210526304,127.13297463489623,0,1,1,0,1,0,0
058610,에스피지,95600.0,92.8,False,True,False,52.55,1.4274599262805114,-22.086389568052155,-28.656716417910445,277.8656126482213,0,1,1,0,1,0,0
298040,효성중공업,2752000.0,79.0,False,True,False,52.44,2.7969001178436077,-29.956731992873507,15.436241610738266,131.2605042016807,0,1,1,1,1,0,0
448900,한국피아이엠,52700.0,93.5,False,True,False,52.37,-0.09538874972838118,-46.224489795918366,-26.499302649930268,305.07302075326675,0,1,1,0,1,0,0
108490,로보티즈,253500.0,88.7,False,True,False,52.12,5.468824687974502,-15.500000000000004,-7.818181818181813,205.5394851026902,0,1,1,0,1,0,0
307950,현대오토에버,450500.0,87.6,False,True,False,52.05,6.685273666763317,-26.508972267536702,2.736602052451542,193.67666232073014,0,1,1,0,1,0,0
007390,네이처셀,23700.0,65.3,False,False,False,51.79,18.910448292317458,37.55078351712131,-0.42016806722688926,16.176470588235304,1,0,1,1,1,0,0
096530,씨젠,30450.0,55.0,True,False,False,51.75,-0.8439332181543261,-0.8143322475570036,11.131386861313874,2.35294117647058,1,1,1,1,1,1,15
375500,DL이앤씨,68200.0,69.8,False,False,False,51.58,-4.459888785957006,-16.11316113161132,36.947791164658625,44.4915254237288,1,1,1,1,1,0,0
032820,우리기술,11890.0,90.4,False,True,False,51.05,-0.3712418765375842,-28.802395209580833,-3.64667747163695,220.91767881241563,0,1,1,0,1,0,0
006110,삼아알미늄,49200.0,74.2,False,True,False,50.73,3.4997751663194747,-41.567695961995256,64.2737896494157,92.1875,1,1,1,0,1,0,0
003550,LG,107900.0,62.9,False,False,False,50.62,1.5408413565928645,-8.791208791208794,12.630480167014625,39.948119325551225,1,1,1,1,1,0,0
042700,한미반도체,214500.0,81.8,False,True,False,50.4,8.925652763415245,-33.69397217928902,6.451612903225801,146.2686567164179,0,1,1,0,1,0,0
069540,빛과전자,2560.0,89.0,False,True,False,49.78,-2.7175566436595875,-49.70530451866405,120.30981067125643,140.6015037593985,0,1,1,0,1,0,0
322000,HD현대에너지솔루션,125400.0,86.3,False,True,False,49.64,0.4103908916833532,-32.72532188841202,54.054054054054056,184.35374149659864,0,1,1,0,1,0,0
131970,두산테스나,77600.0,76.3,False,True,False,49.39,12.910327232744649,-54.109994086339455,23.566878980891715,113.77410468319557,0,1,1,0,1,0,0
475830,오름테라퓨틱,62400.0,85.6,False,True,False,49.33,0.30845742015621014,-4.732824427480919,-45.97402597402598,170.12987012987014,0,1,1,0,1,0,0
439090,마녀공장,17170.0,56.7,False,False,False,49.23,5.156044207680186,3.9975772259236875,19.8185624563852,-3.539325842696628,1,0,1,1,1,1,0
095340,ISC,156900.0,84.5,False,True,False,49.19,1.311217539789664,-27.023255813953483,-7.922535211267601,161.50000000000003,0,1,1,0,1,0,0
064760,티씨케이,227500.0,75.6,False,True,False,49.12,12.94575510647485,-24.040066777963276,9.63855421686748,112.41830065359477,0,1,1,0,1,0,0
000150,두산,1088000.0,69.1,False,False,False,49.07,4.776512147081569,-31.70119271814187,14.28571428571428,83.16498316498317,0,1,1,1,1,0,0
437730,삼현,33150.0,85.9,False,True,False,48.91,-1.5014806052772478,-38.268156424581,-37.33459357277883,171.27659574468086,0,1,1,0,1,0,0
271560,오리온,125200.0,47.4,False,False,False,48.64,15.589947404565194,-7.941176470588241,-9.928057553956837,11.985688729874777,0,1,1,1,1,1,0
003490,대한항공,25800.0,53.3,False,False,False,48.62,7.679129854208977,-2.0872865275142316,3.4068136272545013,6.6115702479338845,1,1,1,1,0,1,1
037710,광주신세계,37000.0,57.7,False,False,False,48.61,18.442039643925128,1.9283746556473913,-1.8567639257294433,19.354838709677423,0,1,1,1,1,0,0
126340,비나텍,62300.0,77.0,False,True,False,48.43,8.756674635291656,-56.15763546798029,-44.27549194991055,121.85029556299409,0,1,1,0,1,0,0
006260,LS,292500.0,67.4,False,False,False,48.17,4.016799274551887,-43.31395348837209,17.234468937875747,73.90011890606421,0,1,1,1,1,0,0
124500,아이티센글로벌,33400.0,72.5,False,True,False,48.09,13.634378731442023,-31.557377049180324,-31.204943357363547,95.66490919742239,0,1,1,0,1,0,0
195870,해성디에스,52100.0,75.9,False,True,False,47.95,8.625152111214966,-35.75832305795315,-11.243611584327084,112.65306122448982,0,1,1,0,1,0,0
079550,LIG디펜스앤에어로스페이스,698000.0,70.4,False,True,False,47.92,-0.7912550667875691,-19.02552204176334,51.739130434782595,36.06237816764133,0,1,1,1,1,0,0
090430,아모레퍼시픽,137300.0,56.0,False,False,False,47.79,1.298562251160336,16.95059625212947,-14.348097317529628,6.434108527131777,1,1,1,0,1,1,0
090710,휴림로봇,6630.0,84.9,False,True,False,47.75,-4.047297243677574,-42.943201376936315,-52.642857142857146,164.67065868263475,0,1,1,0,1,0,0
033160,엠케이전자,13750.0,63.9,False,False,False,47.64,6.9380782590680985,-59.55882352941176,38.60887096774193,67.27493917274938,0,1,1,1,1,0,0
096770,SK이노베이션,125400.0,57.0,False,False,False,47.55,-0.8218080711942527,5.733558178752118,10.000000000000009,16.434540389972142,1,1,1,0,1,1,0
005180,빙그레,84500.0,60.8,False,False,False,47.51,27.30594270228417,15.595075239398092,-0.3537735849056589,7.506361323155208,1,0,0,0,1,1,0
005380,현대차,416000.0,72.9,False,True,False,46.8,8.814359867301393,-36.68188736681888,-16.966067864271462,96.22641509433963,0,1,1,0,1,0,0
226950,올릭스,99100.0,71.1,False,True,False,46.75,11.04973144088433,-33.26599326599327,-22.21350078492935,90.21113243761995,0,1,1,0,1,0,0
000990,DB하이텍,89800.0,73.2,False,True,False,46.72,8.11886552187982,-49.09297052154194,-3.336921420882666,96.28415300546449,0,1,1,0,1,0,0
257720,실리콘투,46850.0,61.5,False,False,False,46.29,22.31149567367121,24.43559096945551,8.323699421965314,-12.101313320825513,1,0,0,0,1,1,0
166090,하나머티리얼즈,53700.0,74.6,False,True,False,46.23,4.631758284293254,-26.23626373626373,-8.98305084745763,108.13953488372094,0,1,1,0,1,0,0
356680,엑스게이트,11430.0,62.5,False,False,False,46.19,3.9691289771876326,-41.08247422680412,55.08819538670284,55.51020408163265,0,1,1,1,1,0,0
004370,농심,431500.0,54.0,False,False,False,46.04,31.474650119535767,9.656925031766207,-4.217536071032191,12.516297262059982,1,0,0,0,1,1,0
082920,비츠로셀,30600.0,75.9,False,True,False,45.6,0.8107953406788087,-40.92664092664092,49.26829268292683,81.5269620928991,0,1,1,0,1,0,0
006910,보성파워텍,6600.0,73.5,False,True,False,45.43,3.4231455417447476,-38.775510204081634,-28.104575163398692,100.0,0,1,1,0,1,0,0
006800,미래에셋증권,34550.0,69.4,False,False,False,45.43,8.90432152803675,-47.651515151515156,-43.394062520479714,83.68865968419374,0,1,1,0,1,0,0
403870,HPSP,44900.0,66.3,False,False,False,45.27,12.487768119565576,-15.917602996254676,5.39906103286385,67.53731343283582,0,1,1,0,1,0,0
051900,LG생활건강,311000.0,64.3,False,False,False,45.27,-1.5001712161108602,23.41269841269842,12.477396021699816,4.36241610738255,1,0,1,0,1,1,0
023530,롯데쇼핑,96100.0,48.1,False,False,False,45.18,19.806282581177005,-41.079092581238505,-15.180935569285081,36.50568181818181,0,1,1,1,1,0,0
003230,삼양식품,1364000.0,51.5,False,False,False,45.16,31.879840153494683,3.411675511751322,14.62184873949579,-6.254295532646048,1,0,0,0,1,1,0
458870,씨어스,20900.0,70.8,False,True,False,45.15,6.104717419317399,-38.79941434846267,-61.81044091581851,87.0748299319728,0,1,1,0,1,0,0
376900,로킷헬스케어,27500.0,68.4,False,False,False,45.0,8.798668630968809,-47.216890595009595,-55.28455284552846,78.33981841763944,0,1,1,0,1,0,0
100790,미래에셋벤처투자,14500.0,77.3,False,True,False,44.93,-3.3085219485136292,-74.24511545293073,-38.559322033898304,124.45820433436535,0,1,1,0,1,0,0
039030,이오테크닉스,405000.0,66.7,False,False,False,44.64,9.874337450250566,-25.959780621572214,11.111111111111116,73.07692307692308,0,1,1,0,1,0,0
347700,스피어,23450.0,71.5,False,True,False,44.33,2.4231197206180353,-44.628099173553714,-47.421524663677125,90.80553295362084,0,1,1,0,1,0,0
178320,서진시스템,36250.0,62.5,False,False,False,43.47,11.561582781855774,-49.79224376731302,-0.95628415300546,62.192393736017905,0,1,1,0,1,0,0
021240,코웨이,96000.0,49.8,False,False,False,43.45,11.75222338837985,2.2364217252396124,6.785317018909898,-9.6045197740113,1,0,0,1,1,1,0
062040,산일전기,165600.0,48.8,False,False,False,42.99,11.567911867642465,-39.34065934065934,12.960436562073664,39.393939393939405,0,1,1,1,1,0,0
098460,고영,28300.0,70.4,False,True,False,42.84,-1.0784653008866893,-24.533333333333328,-8.856682769726243,86.30678077682686,0,1,1,0,1,0,0
214450,파마리서치,401500.0,57.4,False,False,False,42.79,32.75882077610996,36.101694915254235,16.3768115942029,-39.074355083459785,1,0,0,0,1,0,0
069960,현대백화점,93100.0,43.6,False,False,False,42.62,17.282716932562742,-19.602763385146805,-15.286624203821653,25.47169811320755,0,1,1,1,1,0,0
138040,메리츠금융지주,115300.0,45.0,False,False,False,42.53,-1.556401847328755,5.779816513761471,-15.469208211143693,2.035398230088492,1,1,1,1,0,1,2
316140,우리금융지주,31550.0,54.6,False,False,False,42.51,2.2462566722950124,3.6124794745484357,-20.227560050568904,25.447316103379713,0,1,1,0,1,1,0
103590,일진전기,65400.0,61.5,False,False,False,41.98,7.920153071796186,-41.239892183288404,-8.531468531468533,59.90220048899755,0,1,1,0,1,0,0
218410,RFHIC,47500.0,67.7,False,False,False,41.77,-1.0252689436832665,-51.62932790224033,-6.311637080867849,74.63235294117648,0,1,1,0,1,0,0
011200,HMM,21400.0,50.9,False,False,False,41.74,4.616339088091149,7.000000000000006,-1.834862385321101,-6.753812636165579,1,1,1,0,0,1,0
036540,SFA반도체,5560.0,66.0,False,False,False,41.55,0.5014920655885167,-37.87709497206704,-21.46892655367232,71.07692307692308,0,1,1,0,1,0,0
086520,에코프로,82400.0,60.5,False,False,False,41.41,7.3704090766709855,-36.712749615975426,-45.139813581890806,57.8544061302682,0,1,1,0,1,0,0
003160,디아이,23350.0,67.0,False,False,False,41.3,-1.6767657185483154,-26.107594936708857,-35.58620689655172,73.21958456973294,0,1,1,0,1,0,0
068270,셀트리온,192200.0,52.2,False,False,False,41.17,0.9556598344865654,6.180219100285611,-15.456280956109403,16.016563446935407,1,1,1,0,0,1,0
128940,한미약품,430500.0,58.4,False,False,False,40.96,8.650235940806851,-1.3745704467353903,-28.72516556291391,53.75000000000001,0,1,1,0,1,0,0
336260,두산퓨얼셀,36450.0,57.0,False,False,False,40.88,10.278496367477972,-56.08433734939759,2.1008403361344463,51.559251559251564,0,1,1,0,1,0,0
001440,대한전선,26650.0,61.2,False,False,False,40.85,4.551289407485605,-52.41071428571429,-15.530903328050716,59.4853381208857,0,1,1,0,1,0,0
476060,온코닉테라퓨틱스,14360.0,78.7,False,True,False,40.82,-2.2113291618573405,-30.79518072289157,-21.91408374116368,128.37150127226465,0,1,0,0,1,0,0
140860,파크시스템스,260500.0,50.5,False,False,False,40.82,2.0755769074215755,-2.0676691729323293,1.3618677042801508,2.7613412228796763,0,1,1,0,1,1,0
027360,아주IB투자,3285.0,52.9,False,False,False,40.72,15.213496408742293,-79.49438202247191,-33.231707317073166,45.03311258278146,0,1,1,0,1,0,0
010130,고려아연,1250000.0,60.8,False,False,False,40.57,4.16056821432558,-11.032028469750887,-25.149700598802394,58.22784810126582,0,1,1,0,1,0,0
003350,한국화장품제조,10800.0,60.5,False,False,False,40.42,4.0520791997431855,25.14484356894553,10.429447852760742,-2.877697841726623,1,0,0,0,1,1,0
030530,원익홀딩스,19250.0,90.0,False,True,False,39.83,-3.908576544339935,-30.253623188405797,-45.23470839260313,211.9935170178282,0,0,0,0,1,0,0
277810,레인보우로보틱스,452500.0,62.2,False,False,False,39.37,-1.7055009600743094,-38.60244233378561,-32.86350148367953,61.60714285714286,0,1,1,0,1,0,0
064400,LG씨엔에스,71600.0,48.1,False,False,False,39.28,0.1315880008140839,-10.723192019950122,0.7032348804500765,3.7681159420289934,0,1,1,1,1,0,0
000720,현대건설,105600.0,61.2,False,False,False,39.15,-1.0892107818452195,-28.1143635125936,-8.173913043478265,54.38596491228069,0,1,1,0,1,0,0
004310,현대약품,5850.0,57.7,False,False,False,39.09,3.3500374423741315,-19.753086419753085,-59.20502092050209,52.34375,0,1,1,0,1,0,0
016360,삼성증권,87800.0,45.0,False,False,False,39.02,20.056171137158685,-27.85538208709942,-14.2578125,29.307805596465396,0,1,1,0,1,0,0
264850,이랜시스,5860.0,55.3,False,False,False,38.96,6.130830170875366,5.395683453237421,-14.452554744525548,18.743667679837884,0,1,1,0,1,0,0
267250,HD현대,210500.0,59.8,False,False,False,38.61,-1.0266634685174527,-23.73188405797102,-18.093385214007785,55.69526627218935,0,1,1,0,1,0,0
290650,엘앤씨바이오,50700.0,54.6,False,False,False,38.56,5.731110879275507,-20.53291536050157,-47.46113989637306,48.24561403508771,0,1,1,0,1,0,0
058470,리노공업,65600.0,51.2,False,False,False,38.05,8.552570708129608,-36.55705996131529,-32.92433537832311,41.83783783783783,0,1,1,0,1,0,0
071050,한국금융지주,184600.0,47.4,False,False,False,37.77,12.68378760615927,-24.806517311608967,-29.272030651340998,35.33724340175952,0,1,1,0,1,0,0
074600,원익QnC,26400.0,50.2,False,False,False,37.75,8.893533088981377,-28.163265306122454,-9.743589743589743,40.27630180658874,0,1,1,0,1,0,0
180640,한진칼,117900.0,46.0,False,False,False,37.68,14.262383652512845,0.1699235344095218,-13.372520205731075,-3.0427631578947345,0,1,1,0,1,0,0
005940,NH투자증권,26000.0,47.1,False,False,False,37.64,12.667002504323875,-18.23899371069182,-17.460317460317466,33.744855967078195,0,1,1,0,1,0,0
204320,HL만도,51500.0,58.8,False,False,False,37.57,-3.169181567595343,-13.299663299663301,-11.965811965811968,48.629148629148624,0,1,1,0,1,0,0
030200,KT,52300.0,36.4,False,False,False,37.36,26.01366742040088,-6.272401433691755,-19.040247678018574,-2.607076350093107,0,1,1,0,0,1,0
267260,HD현대일렉트릭,719000.0,54.0,False,False,False,37.32,2.4094629792433113,-36.70774647887324,-24.7907949790795,47.336065573770504,0,1,1,0,1,0,0
347850,디앤디파마텍,53300.0,60.1,False,False,False,36.97,9.775239681801292,-13.754045307443363,-36.16766467065868,57.734307951821485,0,0,1,0,1,0,0
012450,한화에어로스페이스,1086000.0,48.8,False,False,False,36.82,7.6553344420211635,-13.53503184713376,-2.425876010781669,22.850678733031682,0,1,1,0,1,0,0
039490,키움증권,268500.0,45.4,False,False,False,36.82,12.20296334640431,-33.62175525339926,-43.0540827147402,29.71014492753623,0,1,1,0,1,0,0
357780,솔브레인,326000.0,50.9,False,False,False,36.5,3.80462406716346,-24.009324009324008,-18.090452261306535,41.12554112554112,0,1,1,0,1,0,0
007660,이수페타시스,98900.0,58.1,False,False,False,36.49,10.834891415244526,-22.248427672955973,-3.606237816764135,53.095975232198136,0,0,1,0,1,0,0
295310,에이치브이엠,45800.0,55.7,False,False,False,36.29,-3.297445597555974,-56.954887218045116,-47.052023121387286,49.673202614379086,0,1,1,0,1,0,0
323280,태성,47900.0,52.6,False,False,False,36.25,0.6886505534651338,-26.64624808575804,-32.7247191011236,44.7129909365559,0,1,1,0,1,0,0
356860,티엘비,31400.0,40.9,False,False,False,36.01,32.167598073950266,-68.37132467741773,-40.65394065394066,18.481624028375208,0,1,0,0,1,0,0
002380,KCC,478000.0,47.1,False,False,False,36.0,7.204771369337238,-9.811320754716979,-15.097690941385434,23.834196891191706,0,1,1,0,1,0,0
089030,테크윙,48400.0,63.6,False,False,False,35.89,1.5039568433989974,-8.15939278937381,14.964370546318296,65.1877133105802,0,1,0,0,1,0,0
014680,한솔케미칼,201000.0,38.5,False,False,False,35.64,17.45545215813903,-29.597197898423822,-34.31372549019608,15.716753022452501,0,1,1,0,1,0,0
272210,한화시스템,70600.0,46.4,False,False,False,35.52,6.547812214314813,-32.440191387559814,-31.918997107039537,33.45935727788281,0,1,1,0,1,0,0
140410,메지온,62800.0,65.3,False,False,False,35.37,-2.4915535490043648,-13.379310344827589,-56.62983425414365,70.18970189701896,0,1,0,0,1,0,0
000270,기아,131200.0,44.7,False,False,False,35.3,8.080758349403187,-21.153846153846157,-20.19464720194647,28.880157170923383,0,1,1,0,1,0,0
083650,비에이치아이,56600.0,46.0,False,False,False,35.01,5.35266777268448,-27.806122448979586,-25.72178477690289,32.39766081871345,0,1,1,0,1,0,0
047810,한국항공우주,130500.0,51.5,False,False,False,34.65,-3.151372033941503,-20.47531992687386,-26.31281761716544,43.40659340659341,0,1,1,0,1,0,0
120110,코오롱인더,49900.0,44.0,False,False,False,33.95,4.498770045887113,-34.428383705650454,-21.293375394321767,26.649746192893396,0,1,1,0,1,0,0
298020,효성티앤씨,309500.0,47.8,False,False,False,33.57,-1.8172682842535102,-21.744627054361565,-23.296158612143746,33.69330453563715,0,1,1,0,1,0,0
457190,이수스페셜티케미컬,60700.0,42.6,False,False,False,33.12,3.60865820119979,-37.67967145790554,-39.23923923923924,23.499491353001023,0,1,1,0,1,0,0
066970,엘앤에프,105900.0,49.5,False,False,False,32.99,10.634970212334835,-31.853281853281857,-7.186678352322529,39.89431968295904,0,1,0,0,1,0,0
175330,JB금융지주,26600.0,52.6,False,False,False,32.84,5.9847093931392585,5.976095617529875,-23.45323741007195,20.9090909090909,0,1,1,0,0,0,0
036570,NC,224000.0,40.9,False,False,False,32.27,3.029496028160849,-14.66666666666666,5.660377358490565,10.073710073710075,0,1,1,1,0,0,0
033100,제룡전기,46000.0,37.8,False,False,False,32.16,6.792946931625833,-31.137724550898206,-9.980430528375738,14.427860696517403,0,1,1,0,1,0,0
237690,에스티팜,100100.0,36.4,False,False,False,31.97,24.6960387282968,-21.735731039874906,-31.71896316507503,11.968680089485462,0,1,1,0,0,0,0
005290,동진쎄미켐,41350.0,45.7,False,False,False,30.97,8.973727961074227,-32.98217179902755,-20.01934235976789,31.4785373608903,0,1,0,0,1,0,0
267270,HD건설기계,116600.0,36.1,False,False,False,29.02,-1.4009043527878642,-26.804770872567484,-17.246273953158266,11.685823754789283,0,1,1,0,1,0,0
024110,기업은행,20050.0,37.8,False,False,False,28.99,12.892419394465996,-1.9559902200488977,-24.053030303030297,3.564049586776852,0,1,1,0,0,0,0
466100,클로봇,27100.0,53.6,False,False,False,28.95,8.357691879474944,-35.78199052132701,-59.248120300751886,46.96312364425164,0,0,0,0,1,0,0
078600,대주전자재료,82900.0,34.7,False,False,False,28.88,-0.009156804167471222,-37.76276276276276,-4.272517321016167,9.80132450331126,0,1,1,0,1,0,0
310210,보로노이,152200.0,44.3,False,False,False,28.85,3.7638239873823567,-41.46153846153846,-28.71194379391101,27.577535624476113,0,1,0,0,1,0,0
086280,현대글로비스,196100.0,40.2,False,False,False,28.18,6.984582275702457,-14.73913043478261,-23.696498054474713,17.004773269689743,0,1,1,0,0,0,0
011780,금호석유화학,117500.0,32.6,False,False,False,28.02,-0.08158287084038929,-15.467625899280579,-18.51595006934813,6.046931407942235,0,1,1,0,0,1,0
009830,한화솔루션,32050.0,32.3,False,False,False,27.35,-1.894041671641944,-21.059113300492616,-29.637760702524695,5.427631578947367,0,1,1,0,1,0,0
112610,씨에스윈드,46550.0,45.7,False,False,False,27.25,-3.43591452622781,-8.904109589041099,8.255813953488378,1.9715224534501585,0,1,0,0,1,0,0
003280,흥아해운,1770.0,32.0,False,False,False,26.94,13.790216324871734,-27.755102040816325,3.0267753201397074,0.7972665148063829,0,1,1,0,0,0,0
034020,두산에너빌리티,73400.0,35.7,False,False,False,26.7,8.057839567992364,-32.225300092336106,-24.407826982492274,10.708898944193068,0,1,0,0,1,0,0
032640,LG유플러스,14770.0,37.1,False,False,False,26.23,4.630360580587292,-6.043256997455471,-13.575190169689877,1.3031550068587139,0,1,0,0,0,1,0
241560,두산밥캣,58200.0,35.1,False,False,False,26.01,6.573085579773361,-13.905325443786987,-10.461538461538467,3.1914893617021267,0,1,1,0,0,0,0
454910,두산로보틱스,70900.0,38.1,False,False,False,25.56,1.050617006196919,-32.79620853080568,-29.312063808574273,15.284552845528454,0,1,0,0,1,0,0
005490,POSCO홀딩스,311000.0,32.0,False,False,False,24.35,5.175126251343247,-29.39841089670828,-17.833553500660503,5.067567567567566,0,1,1,0,0,0,0
028300,HLB,38400.0,19.9,False,False,False,23.98,20.07795153207783,-18.73015873015873,-25.14619883040936,-8.78859857482185,0,1,0,0,1,0,0
138930,BNK금융지주,14270.0,25.8,False,False,False,23.89,11.889025693299917,-16.889924286546297,-35.72072072072072,-2.327173169062291,0,1,1,0,0,0,0
207940,삼성바이오로직스,1548000.0,46.7,False,False,False,23.53,-0.5110648209375788,10.967741935483865,-9.473684210526311,2.9171835795234635,0,0,0,0,0,1,0
484810,티엑스알로보틱스,13980.0,34.4,False,False,False,23.49,-0.8851618635457966,-15.630657815328908,-24.75780409041981,7.787201233616048,0,1,0,0,1,0,0
018880,한온시스템,3400.0,33.7,False,False,False,22.77,-2.3667198544916053,-29.679420889348496,-23.76681614349776,6.8174677976751585,0,1,1,0,0,0,0
397030,에이프릴바이오,19880.0,25.1,False,False,False,22.77,25.780347574524164,-62.06106870229008,-69.55589586523736,-1.3399503722084316,0,1,0,0,0,0,0
047050,포스코인터내셔널,50300.0,29.9,False,False,False,22.52,1.861360144573399,-25.591715976331365,-23.67223065250379,3.711340206185576,0,1,1,0,0,0,0
443060,HD현대마린솔루션,196300.0,36.8,False,False,False,21.89,7.217360220569603,-14.46623093681917,13.533834586466176,-4.009779951100246,0,0,0,1,0,0,0
035420,NAVER,221500.0,44.0,False,False,False,21.84,-2.529478828503367,11.19477911646587,-12.450592885375489,-3.4858387799564294,0,0,0,0,0,1,0
489790,한화비전,51700.0,27.1,False,False,False,21.07,0.7740590415400317,-28.492392807745503,-15.660685154975528,-9.45709281961471,0,1,0,0,1,0,0
082740,한화엔진,44050.0,35.4,False,False,False,21.06,6.332482633394025,-39.241379310344826,-18.72693726937269,10.539523212045165,0,1,0,0,0,0,0
101730,위메이드맥스,4365.0,16.8,False,False,False,20.75,30.096075284564414,1.8669778296382722,-31.042654028436022,-43.604651162790695,0,0,0,0,1,0,0
139480,이마트,72300.0,16.5,False,False,False,20.38,12.611588657500207,-23.085106382978726,-34.98201438848921,-19.12751677852349,0,1,1,0,0,0,0
950160,코오롱티슈진,20750.0,1.7,False,False,False,20.2,31.72588790194351,-79.85436893203884,-76.81564245810056,-47.6010101010101,0,1,0,0,1,0,0
052690,한전기술,91300.0,21.3,False,False,False,20.12,5.337616868280357,-35.839775122979624,-38.601210490921325,-5.093555093555091,0,1,1,0,0,0,0
000250,삼천당제약,169100.0,19.6,False,False,False,20.01,7.233951159902325,-52.6993006993007,-68.39252336448598,-8.14774579033134,0,1,0,0,1,0,0
090460,비에이치,15910.0,30.9,False,False,False,20.0,8.783998260752526,-52.507462686567166,-24.05727923627685,4.191224623444656,0,1,0,0,0,0,0
323410,카카오뱅크,21200.0,29.2,False,False,False,19.96,10.94949152526062,-5.986696230598665,-22.768670309653917,-20.895522388059707,0,1,0,0,0,0,0
010140,삼성중공업,20250.0,31.6,False,False,False,19.47,6.102273584354859,-29.195804195804197,-27.15827338129496,4.705274043433305,0,1,0,0,0,0,0
011790,SKC,84000.0,17.5,False,False,False,19.12,7.063477265656632,-37.45346239761728,-17.78167118541212,-10.718081714212834,0,1,0,0,1,0,0
088980,맥쿼리인프라,9540.0,26.1,False,False,False,19.1,12.216375338794288,-13.586956521739136,-17.33102253032929,-18.11158798283262,0,0,0,0,0,1,0
399720,가온칩스,45550.0,25.4,False,False,False,18.57,11.363671693956835,-26.413570274636513,-30.98484848484848,-0.6543075245365348,0,1,0,0,0,0,0
199430,케이엔알시스템,12820.0,37.5,False,False,False,18.42,-5.265828198150701,-40.648148148148145,-59.494470774091624,14.362176628010715,0,0,0,0,1,0,0
145020,휴젤,245000.0,32.6,False,False,False,18.23,0.618211615266651,-5.587668593448935,-3.3530571992110403,-31.75487465181058,0,1,0,0,0,0,0
044490,태웅,28100.0,19.2,False,False,False,18.15,1.561876143176732,-29.308176100628934,-13.271604938271608,-29.83770287141073,0,1,0,0,1,0,0
017800,현대엘리베이터,71800.0,23.7,False,False,False,18.03,11.84671848060424,-13.59807460890493,-31.42311365807068,-16.023391812865494,0,1,0,0,0,0,0
008770,호텔신라,42350.0,22.3,False,False,False,17.64,12.389716098426938,-26.347826086956527,-13.039014373716629,-15.972222222222221,0,1,0,0,0,0,0
025980,아난티,5510.0,18.9,False,False,False,17.06,15.0,2.037037037037037,-35.85564610011641,-45.06480558325025,0,0,0,0,1,0,0
298380,에이비엘바이오,75100.0,26.1,False,False,False,16.99,5.156744189383109,-31.47810218978102,-59.140369967355824,0.9408602150537737,0,0,0,0,1,0,0
329180,HD현대중공업,455500.0,24.1,False,False,False,16.53,6.288685542286744,-31.297134238310708,-16.575091575091573,-2.357984994640938,0,1,0,0,0,0,0
003670,포스코퓨처엠,154900.0,28.9,False,False,False,16.52,-0.14421671438870876,-33.08855291576673,-31.611479028697577,3.4045393858477935,0,0,0,0,1,0,0
247540,에코프로비엠,106500.0,16.2,False,False,False,14.27,9.286605206585023,-45.272353545734845,-45.911630269172164,-14.11290322580645,0,1,0,0,0,0,0
024060,흥구석유,10160.0,13.7,False,False,False,14.04,11.878533726359985,-51.153846153846146,-14.333895446880273,-18.327974276527325,0,1,0,0,0,0,0
459510,나우로보틱스,14820.0,24.7,False,False,False,13.68,-3.9997061669485054,-44.285714285714285,-48.362369337979096,-2.17821782178218,0,0,0,0,1,0,0
001040,CJ,121500.0,10.7,False,False,False,13.21,13.097675857159137,-28.947368421052634,-46.710526315789465,-26.541717049576786,0,1,0,0,0,0,0
196170,알테오젠,319500.0,17.9,False,False,False,13.12,3.189185349399363,-9.232954545454541,-16.796875,-25.611175785797435,0,0,0,0,1,0,0
097950,CJ제일제당,184600.0,23.4,False,False,False,13.05,12.294256746336389,-13.129411764705878,-17.033707865168534,-26.74603174603175,0,0,0,0,0,0,0
377300,카카오페이,42450.0,16.2,False,False,False,12.85,4.5530845588124835,-11.099476439790578,-32.404458598726116,-33.77535101404057,0,1,0,0,0,0,0
064260,다날,5130.0,10.3,False,False,False,12.8,12.260201284089062,-21.198156682027648,-39.21800947867299,-35.79474342928661,0,0,0,0,1,0,0
108860,셀바스AI,9600.0,20.6,False,False,False,12.76,-1.6034183204745724,-10.1123595505618,-19.933277731442868,-27.87377911344854,0,0,0,0,1,0,0
373220,LG에너지솔루션,346500.0,26.5,False,False,False,12.6,6.678212617244403,-13.2665832290363,-12.939698492462314,-8.090185676392569,0,0,0,0,0,0,0
011170,롯데케미칼,54400.0,17.2,False,False,False,12.59,2.3694042045082804,-33.414932680538556,-32.58983890954151,-11.688311688311693,0,1,0,0,0,0,0
101490,에스앤에스텍,40950.0,13.4,False,False,False,12.48,7.062257560494885,-47.70114942528736,-54.55049944506105,-18.910891089108905,0,1,0,0,0,0,0
141080,리가켐바이오,101000.0,7.2,False,False,False,12.22,14.452612773576956,-28.317955997161103,-42.21967963386728,-32.62174783188792,0,0,0,0,1,0,0
022100,포스코DX,19570.0,14.8,False,False,False,12.09,3.907169417140098,-38.65203761755486,-49.56185567010309,-17.945492662473793,0,1,0,0,0,0,0
064350,현대로템,131100.0,8.9,False,False,False,12.0,11.456869172323309,-33.18042813455657,-35.418719211822655,-28.399781540142,0,1,0,0,0,0,0
017960,한국카본,22650.0,8.6,False,False,False,11.9,11.538948505989548,-36.99582753824756,-35.56187766714083,-29.218750000000004,0,1,0,0,0,0,0
263750,펄어비스,32100.0,13.1,False,False,False,11.37,3.754414737416183,-29.759299781181614,-35.412474849094565,-19.04161412358134,0,1,0,0,0,0,0
455900,엔젤로보틱스,20250.0,17.9,False,False,False,11.33,-2.778521427808808,-27.027027027027028,-42.553191489361694,-10.19955654101996,0,0,0,0,1,0,0
004020,현대제철,27100.0,15.1,False,False,False,11.25,0.7006814130748646,-30.423620025673937,-19.465081723625556,-18.25037707390649,0,1,0,0,0,0,0
009540,HD한국조선해양,347500.0,27.8,False,False,False,11.2,0.26123965875478183,-16.36582430806257,-12.907268170426068,-4.924760601915191,0,0,0,0,0,0,0
103140,풍산,77700.0,15.8,False,False,False,10.64,-2.2825523496383275,-9.122807017543854,-29.873646209386283,-36.101973684210535,0,0,0,0,1,0,0
005690,파미셀,10660.0,12.7,False,False,False,10.37,17.628640087044666,-32.10191082802548,-34.2786683107275,-19.0584662110858,0,0,0,0,0,0,0
051910,LG화학,254000.0,20.3,False,False,False,9.61,4.9710687431483525,-26.906474820143888,-22.2052067381317,-7.636363636363641,0,0,0,0,0,0,0
000100,유한양행,82200.0,24.4,False,False,False,9.48,-0.9424100773816187,-2.026221692491059,-24.587155963302752,-26.7379679144385,0,0,0,0,0,0,0
304100,솔트룩스,17240.0,11.7,False,False,False,9.2,-1.6111456554910715,-4.698728579325595,-36.029684601113175,-45.78616352201258,0,0,0,0,1,0,0
034220,LG디스플레이,9500.0,16.5,False,False,False,8.52,6.392504757953689,-35.54952510176391,-18.103448275862068,-13.083257090576394,0,0,0,0,0,0,0
326030,SK바이오팜,83100.0,18.6,False,False,False,8.49,3.5111597118925024,-11.876988335100746,-24.040219378427786,-16.56626506024096,0,0,0,0,0,0,0
270660,에브리봇,13210.0,12.7,False,False,False,8.41,-5.554432741775929,-18.657635467980292,-43.182795698924735,-19.54933008526187,0,0,0,0,1,0,0
460930,현대힘스,13320.0,10.7,False,False,False,8.38,-2.9857673986254722,-23.139065204847086,-20.71428571428572,-39.038901601830666,0,0,0,0,1,0,0
087010,펩트론,179600.0,7.6,False,False,False,8.36,1.0618788391541196,-25.631469979296064,-26.843177189409374,-40.921052631578945,0,0,0,0,1,0,0
259960,크래프톤,220500.0,20.3,False,False,False,8.35,0.7747998612373657,-14.534883720930235,-14.2023346303502,-31.308411214953267,0,0,0,0,0,0,0
042660,한화오션,84300.0,9.3,False,False,False,8.05,14.43854763247663,-25.595763459841127,-35.203689469638746,-28.132992327365724,0,0,0,0,0,0,0
015760,한국전력,31850.0,12.0,False,False,False,7.72,9.745982328460139,-18.956743002544528,-47.09302325581395,-19.16243654822335,0,0,0,0,0,0,0
035720,카카오,35800.0,8.6,False,False,False,5.19,5.835946911766345,-14.045618247298918,-38.06228373702422,-44.14976599063962,0,0,0,0,0,0,0
035900,JYP Ent.,38900.0,2.1,False,False,False,5.02,13.937694955177284,-36.01973684210527,-45.05649717514124,-51.43570536828963,0,0,0,0,0,0,0
071970,HD현대마린엔진,49950.0,4.5,False,False,False,4.09,7.645849747048985,-34.705882352941174,-39.891696750902526,-39.74668275030157,0,0,0,0,0,0,0
041510,에스엠,71500.0,9.6,False,False,False,3.79,-0.16304245345184087,-16.27634660421545,-38.521066208082544,-48.44989185291997,0,0,0,0,0,0,0
214150,클래시스,32250.0,3.1,False,False,False,3.77,8.425251012732014,-33.22981366459628,-49.052132701421804,-45.79831932773109,0,0,0,0,0,0,0
450080,에코프로머티,34250.0,6.5,False,False,False,3.26,2.2045968891927967,-46.98142414860681,-47.9483282674772,-34.38697318007663,0,0,0,0,0,0,0
352820,하이브,168100.0,3.8,False,False,False,3.24,5.747772364861021,-26.913043478260867,-56.95262483994878,-42.1342512908778,0,0,0,0,0,0,0
348370,엔켐,18160.0,0.7,False,False,False,1.51,4.106963365002638,-48.18830242510699,-76.0105680317041,-74.7075208913649,0,0,0,0,0,0,0
100090,SK오션플랜트,13030.0,7.2,False,False,False,1.21,-5.58076328444302,-29.41495124593716,-27.611111111111107,-38.53773584905661,0,0,0,0,0,0,0
065350,신성델타테크,27950.0,1.0,False,False,False,0.82,1.4140718081615558,-38.840262582056894,-61.50137741046833,-57.96992481203007,0,0,0,0,0,0,0
