date,Worst,Neutral,Recovery,HotVeryHot,total_universe,avg_sco,avg_3m,Other,Worst_pct,Neutral_pct,Recovery_pct,HotVeryHot_pct,Other_pct,cell_<0__<0%,cell_<0__0~15%,cell_<0__15~30%,cell_<0__30%+,cell_0~7__<0%,cell_0~7__0~15%,cell_0~7__15~30%,cell_0~7__30%+,cell_8~10__<0%,cell_8~10__0~15%,cell_8~10__15~30%,cell_8~10__30%+,cell_11+__<0%,cell_11+__0~15%,cell_11+__15~30%,cell_11+__30%+,QQQ_close,SPY_close,sco_strong,sco_mid,sco_weak,sco_neg,regime_raw_avg,regime_map_score,strong_zone_cnt,risk_zone_cnt,worst_zone_cnt,regime_state
2024-04-08,25,48,5,1,127,2.23,7.05,48,19.69,37.8,3.94,0.79,37.8,,,,,,,,,,,,,,,,,435.81,,7.0,17.0,57.0,46.0,0.0,0.0,0.0,0.0,0.0,
2024-04-09,24,43,5,1,127,2.09,6.65,54,18.9,33.86,3.94,0.79,42.52,,,,,,,,,,,,,,,,,437.43,,8.0,16.0,51.0,52.0,0.0,0.0,0.0,0.0,0.0,
2024-04-10,24,43,5,1,127,1.78,6.01,54,18.9,33.86,3.94,0.79,42.52,,,,,,,,,,,,,,,,,433.61,,8.0,13.0,51.0,55.0,0.0,0.0,0.0,0.0,0.0,
2024-04-11,23,45,5,1,127,1.67,6.16,53,18.11,35.43,3.94,0.79,41.73,,,,,,,,,,,,,,,,,440.53,,8.0,12.0,57.0,50.0,0.0,0.0,0.0,0.0,0.0,
2024-04-12,28,43,6,1,127,0.82,4.92,49,22.05,33.86,4.72,0.79,38.58,,,,,,,,,,,,,,,,,433.51,,5.0,7.0,53.0,62.0,0.0,0.0,0.0,0.0,0.0,
2024-04-15,31,21,8,2,127,-0.45,3.9,65,24.41,16.54,6.3,1.57,51.18,,,,,,,,,,,,,,,,,426.38,,4.0,8.0,34.0,81.0,0.0,0.0,0.0,0.0,0.0,
2024-04-16,34,16,8,1,127,-1.12,4.05,68,26.77,12.6,6.3,0.79,53.54,,,,,,,,,,,,,,,,,426.42,,3.0,7.0,25.0,92.0,0.0,0.0,0.0,0.0,0.0,
2024-04-17,31,11,7,0,127,-2.04,4.59,78,24.41,8.66,5.51,0.0,61.42,,,,,,,,,,,,,,,,,421.21,,2.0,6.0,19.0,100.0,0.0,0.0,0.0,0.0,0.0,
2024-04-18,32,7,8,0,127,-2.42,4.59,80,25.2,5.51,6.3,0.0,62.99,,,,,,,,,,,,,,,,,418.81,,0.0,5.0,17.0,105.0,0.0,0.0,0.0,0.0,0.0,
2024-04-19,35,8,8,0,127,-2.64,4.02,76,27.56,6.3,6.3,0.0,59.84,,,,,,,,,,,,,,,,,410.15,,0.0,4.0,18.0,105.0,0.0,0.0,0.0,0.0,0.0,
2024-04-22,33,7,11,0,127,-2.41,4.65,76,25.98,5.51,8.66,0.0,59.84,,,,,,,,,,,,,,,,,414.27,,0.0,3.0,19.0,105.0,0.0,0.0,0.0,0.0,0.0,
2024-04-23,29,15,8,0,127,-1.87,5.18,75,22.83,11.81,6.3,0.0,59.06,,,,,,,,,,,,,,,,,420.45,,0.0,3.0,25.0,99.0,0.0,0.0,0.0,0.0,0.0,
2024-04-24,27,25,9,1,127,-1.12,5.27,65,21.26,19.69,7.09,0.79,51.18,,,,,,,,,,,,,,,,,421.88,,0.0,6.0,36.0,85.0,0.0,0.0,0.0,0.0,0.0,
2024-04-25,29,31,7,2,127,-0.42,4.51,58,22.83,24.41,5.51,1.57,45.67,,,,,,,,,,,,,,,,,419.84,,0.0,8.0,41.0,78.0,0.0,0.0,0.0,0.0,0.0,
2024-04-26,23,34,9,2,127,0.35,5.3,59,18.11,26.77,7.09,1.57,46.46,,,,,,,,,,,,,,,,,426.32,,2.0,9.0,47.0,69.0,0.0,0.0,0.0,0.0,0.0,
2024-04-29,21,47,10,2,127,1.2,5.57,47,16.54,37.01,7.87,1.57,37.01,,,,,,,,,,,,,,,,,428.05,,7.0,6.0,61.0,53.0,0.0,0.0,0.0,0.0,0.0,
2024-04-30,23,49,3,1,127,1.48,4.4,51,18.11,38.58,2.36,0.79,40.16,,,,,,,,,,,,,,,,,419.98,,5.0,11.0,58.0,53.0,0.0,0.0,0.0,0.0,0.0,
2024-05-01,23,49,4,1,127,1.6,5.11,50,18.11,38.58,3.15,0.79,39.37,,,,,,,,,,,,,,,,,416.94,,6.0,12.0,55.0,54.0,0.0,0.0,0.0,0.0,0.0,
2024-05-02,19,49,3,2,128,2.17,5.01,55,14.84,38.28,2.34,1.56,42.97,,,,,,,,,,,,,,,,,422.26,,8.0,13.0,60.0,47.0,0.0,0.0,0.0,0.0,0.0,
2024-05-03,16,57,2,1,128,2.68,6.04,52,12.5,44.53,1.56,0.78,40.62,,,,,,,,,,,,,,,,,430.75,,7.0,15.0,68.0,38.0,0.0,0.0,0.0,0.0,0.0,
2024-05-06,13,62,4,1,128,3.71,7.26,48,10.16,48.44,3.12,0.78,37.5,,,,,,,,,,,,,,,,,435.47,,8.0,16.0,76.0,28.0,0.0,0.0,0.0,0.0,0.0,
2024-05-07,8,58,4,1,128,4.75,6.98,57,6.25,45.31,3.12,0.78,44.53,,,,,,,,,,,,,,,,,435.54,,15.0,17.0,76.0,20.0,0.0,0.0,0.0,0.0,0.0,
2024-05-08,8,55,6,1,128,5.63,6.48,58,6.25,42.97,4.69,0.78,45.31,,,,,,,,,,,,,,,,,435.28,,18.0,20.0,75.0,15.0,0.0,0.0,0.0,0.0,0.0,
2024-05-09,8,34,7,1,128,6.39,6.49,78,6.25,26.56,5.47,0.78,60.94,,,,,,,,,,,,,,,,,436.23,,21.0,39.0,54.0,14.0,0.0,0.0,0.0,0.0,0.0,
2024-05-10,7,17,8,3,128,7.01,6.24,93,5.47,13.28,6.25,2.34,72.66,,,,,,,,,,,,,,,,,437.26,,23.0,51.0,42.0,12.0,0.0,0.0,0.0,0.0,0.0,
2024-05-13,6,12,6,3,128,7.52,6.11,101,4.69,9.38,4.69,2.34,78.91,,,,,,,,,,,,,,,,,438.27,,44.0,36.0,35.0,13.0,0.0,0.0,0.0,0.0,0.0,
2024-05-14,5,19,5,3,128,7.77,8.16,96,3.91,14.84,3.91,2.34,75.0,,,,,,,,,,,,,,,,,441.09,,50.0,33.0,33.0,12.0,0.0,0.0,0.0,0.0,0.0,
2024-05-15,5,18,6,4,128,8.05,8.0,95,3.91,14.06,4.69,3.12,74.22,,,,,,,,,,,,,,,,,447.98,,58.0,29.0,31.0,10.0,0.0,0.0,0.0,0.0,0.0,
2024-05-16,4,16,3,4,128,8.23,7.01,101,3.12,12.5,2.34,3.12,78.91,,,,,,,,,,,,,,,,,447.07,,61.0,27.0,31.0,9.0,0.0,0.0,0.0,0.0,0.0,
2024-05-17,5,14,4,3,128,8.45,7.04,102,3.91,10.94,3.12,2.34,79.69,,,,,,,,,,,,,,,,,446.85,,67.0,25.0,27.0,9.0,0.0,0.0,0.0,0.0,0.0,
2024-05-20,6,8,5,4,128,8.57,7.69,105,4.69,6.25,3.91,3.12,82.03,,,,,,,,,,,,,,,,,449.97,,71.0,23.0,24.0,10.0,0.0,0.0,0.0,0.0,0.0,
2024-05-21,6,14,5,3,128,8.49,7.29,100,4.69,10.94,3.91,2.34,78.12,,,,,,,,,,,,,,,,,450.85,,65.0,28.0,27.0,8.0,0.0,0.0,0.0,0.0,0.0,
2024-05-22,7,9,8,3,128,8.09,5.84,101,5.47,7.03,6.25,2.34,78.91,,,,,,,,,,,,,,,,,450.76,,25.0,67.0,28.0,8.0,0.0,0.0,0.0,0.0,0.0,
2024-05-23,8,13,5,3,128,7.05,4.98,99,6.25,10.16,3.91,2.34,77.34,,,,,,,,,,,,,,,,,448.73,,12.0,72.0,34.0,10.0,0.0,0.0,0.0,0.0,0.0,
2024-05-24,13,43,8,3,128,5.95,5.42,61,10.16,33.59,6.25,2.34,47.66,,,,,,,,,,,,,,,,,452.98,,10.0,37.0,64.0,17.0,0.0,0.0,0.0,0.0,0.0,
2024-05-27,18,31,4,5,128,6.42,5.22,70,14.06,24.22,3.12,3.91,54.69,18.0,3.0,1.0,0.0,10.0,31.0,4.0,0.0,1.0,26.0,2.0,0.0,0.0,24.0,3.0,5.0,457.9500122070313,529.4400024414062,,,,,0.0,0.0,0.0,0.0,0.0,
2024-05-28,17,49,6,4,128,4.73,5.35,52,13.28,38.28,4.69,3.12,40.62,,,,,,,,,,,,,,,,,454.69,,9.0,28.0,70.0,21.0,0.0,0.0,0.0,0.0,0.0,
2024-05-29,20,51,3,4,128,3.71,4.3,50,15.62,39.84,2.34,3.12,39.06,,,,,,,,,,,,,,,,,451.48,,14.0,17.0,72.0,25.0,0.0,0.0,0.0,0.0,0.0,
2024-05-30,24,57,3,3,128,3.06,3.85,41,18.75,44.53,2.34,2.34,32.03,,,,,,,,,,,,,,,,,446.64,,7.0,16.0,77.0,28.0,0.0,0.0,0.0,0.0,0.0,
2024-05-31,23,62,2,3,128,2.49,3.65,38,17.97,48.44,1.56,2.34,29.69,,,,,,,,,,,,,,,,,445.81,,5.0,11.0,81.0,31.0,0.0,0.0,0.0,0.0,0.0,
2024-06-03,22,62,4,1,128,2.0,3.7,39,17.19,48.44,3.12,0.78,30.47,,,,,,,,,,,,,,,,,448.21,,3.0,9.0,83.0,33.0,0.0,0.0,0.0,0.0,0.0,
2024-06-04,23,62,6,1,128,1.52,3.7,36,17.97,48.44,4.69,0.78,28.12,,,,,,,,,,,,,,,,,449.43,,1.0,6.0,82.0,39.0,0.0,0.0,0.0,0.0,0.0,
2024-06-05,23,63,5,1,128,1.67,3.47,36,17.97,49.22,3.91,0.78,28.12,,,,,,,,,,,,,,,,,458.49,,2.0,11.0,76.0,39.0,0.0,0.0,0.0,0.0,0.0,
2024-06-06,23,52,4,1,128,1.86,2.92,48,17.97,40.62,3.12,0.78,37.5,,,,,,,,,,,,,,,,,458.34,,6.0,8.0,71.0,43.0,0.0,0.0,0.0,0.0,0.0,
2024-06-07,27,46,5,0,128,1.79,2.64,50,21.09,35.94,3.91,0.0,39.06,,,,,,,,,,,,,,,,,457.93,,3.0,9.0,68.0,48.0,0.0,0.0,0.0,0.0,0.0,
2024-06-10,25,46,5,0,128,1.88,2.92,52,19.53,35.94,3.91,0.0,40.62,,,,,,,,,,,,,,,,,459.78,,5.0,10.0,66.0,47.0,0.0,0.0,0.0,0.0,0.0,
2024-06-11,28,34,4,0,128,1.55,2.46,62,21.88,26.56,3.12,0.0,48.44,,,,,,,,,,,,,,,,,462.94,,5.0,10.0,56.0,57.0,0.0,0.0,0.0,0.0,0.0,
2024-06-12,27,39,3,0,128,1.47,3.0,59,21.09,30.47,2.34,0.0,46.09,,,,,,,,,,,,,,,,,469.0,,6.0,9.0,57.0,56.0,0.0,0.0,0.0,0.0,0.0,
2024-06-13,21,38,5,0,128,1.48,3.44,64,16.41,29.69,3.91,0.0,50.0,,,,,,,,,,,,,,,,,471.54,,7.0,9.0,58.0,54.0,0.0,0.0,0.0,0.0,0.0,
2024-06-14,32,30,3,0,128,1.45,3.03,63,25.0,23.44,2.34,0.0,49.22,,,,,,,,,,,,,,,,,473.98,,9.0,14.0,48.0,57.0,0.0,0.0,0.0,0.0,0.0,
2024-06-17,25,24,4,0,128,1.54,3.09,75,19.53,18.75,3.12,0.0,58.59,,,,,,,,,,,,,,,,,479.79,,10.0,17.0,44.0,57.0,0.0,0.0,0.0,0.0,0.0,
2024-06-18,30,21,6,0,128,1.59,3.33,71,23.44,16.41,4.69,0.0,55.47,,,,,,,,,,,,,,,,,479.94,,13.0,18.0,41.0,56.0,0.0,0.0,0.0,0.0,0.0,
2024-06-19,42,15,2,2,128,2.77,2.84,67,32.81,11.72,1.56,1.56,52.34,42.0,13.0,0.0,0.0,11.0,15.0,2.0,1.0,1.0,5.0,1.0,1.0,1.0,27.0,7.0,1.0,485.2099914550781,548.489990234375,,,,,0.0,0.0,0.0,0.0,0.0,
2024-06-20,40,18,2,1,128,1.61,2.36,67,31.25,14.06,1.56,0.78,52.34,,,,,,,,,,,,,,,,,476.24,,23.0,11.0,37.0,57.0,0.0,0.0,0.0,0.0,0.0,
2024-06-21,41,19,1,0,128,1.79,1.99,67,32.03,14.84,0.78,0.0,52.34,,,,,,,,,,,,,,,,,474.96,,20.0,14.0,39.0,55.0,0.0,0.0,0.0,0.0,0.0,
2024-06-24,34,28,1,0,128,2.32,2.28,65,26.56,21.88,0.78,0.0,50.78,,,,,,,,,,,,,,,,,469.56,,16.0,20.0,43.0,49.0,0.0,0.0,0.0,0.0,0.0,
2024-06-25,37,21,2,0,128,2.35,1.72,68,28.91,16.41,1.56,0.0,53.12,,,,,,,,,,,,,,,,,474.93,,7.0,30.0,38.0,53.0,0.0,0.0,0.0,0.0,0.0,
2024-06-26,40,13,4,0,128,2.34,1.72,71,31.25,10.16,3.12,0.0,55.47,,,,,,,,,,,,,,,,,475.91,,4.0,39.0,32.0,53.0,0.0,0.0,0.0,0.0,0.0,
2024-06-27,40,11,4,0,128,2.51,1.22,73,31.25,8.59,3.12,0.0,57.03,,,,,,,,,,,,,,,,,477.14,,5.0,40.0,32.0,51.0,0.0,0.0,0.0,0.0,0.0,
2024-06-28,38,12,3,0,128,2.44,1.04,75,29.69,9.38,2.34,0.0,58.59,,,,,,,,,,,,,,,,,474.66,,4.0,40.0,34.0,50.0,0.0,0.0,0.0,0.0,0.0,
2024-07-01,33,15,2,0,128,2.48,1.03,78,25.78,11.72,1.56,0.0,60.94,,,,,,,,,,,,,,,,,477.44,,4.0,35.0,39.0,50.0,0.0,0.0,0.0,0.0,0.0,
2024-07-02,29,24,4,0,128,2.71,1.51,71,22.66,18.75,3.12,0.0,55.47,,,,,,,,,,,,,,,,,482.46,,11.0,26.0,45.0,46.0,0.0,0.0,0.0,0.0,0.0,
2024-07-03,20,31,5,0,128,3.18,2.13,72,15.62,24.22,3.91,0.0,56.25,,,,,,,,,,,,,,,,,486.48,,14.0,23.0,55.0,36.0,0.0,0.0,0.0,0.0,0.0,
2024-07-04,23,34,2,0,128,4.25,2.13,69,17.97,26.56,1.56,0.0,53.91,23.0,12.0,1.0,0.0,13.0,34.0,2.0,0.0,3.0,5.0,1.0,0.0,5.0,28.0,1.0,0.0,491.0400085449219,551.4600219726562,,,,,0.0,0.0,0.0,0.0,0.0,
2024-07-05,20,42,7,0,128,3.56,3.23,59,15.62,32.81,5.47,0.0,46.09,,,,,,,,,,,,,,,,,491.55,,19.0,16.0,62.0,31.0,0.0,0.0,0.0,0.0,0.0,
2024-07-08,21,36,4,0,128,4.3,3.29,67,16.41,28.12,3.12,0.0,52.34,,,,,,,,,,,,,,,,,492.72,,24.0,20.0,53.0,31.0,0.0,0.0,0.0,0.0,0.0,
2024-07-09,17,30,4,0,128,5.05,2.72,77,13.28,23.44,3.12,0.0,60.16,,,,,,,,,,,,,,,,,493.15,,29.0,20.0,51.0,28.0,0.0,0.0,0.0,0.0,0.0,
2024-07-10,15,35,4,1,128,5.64,3.31,73,11.72,27.34,3.12,0.78,57.03,,,,,,,,,,,,,,,,,498.29,,32.0,19.0,57.0,20.0,0.0,0.0,0.0,0.0,0.0,
2024-07-11,11,33,4,1,128,6.46,4.98,79,8.59,25.78,3.12,0.78,61.72,,,,,,,,,,,,,,,,,487.36,,30.0,32.0,52.0,14.0,0.0,0.0,0.0,0.0,0.0,
2024-07-12,7,23,4,0,128,7.14,5.17,94,5.47,17.97,3.12,0.0,73.44,,,,,,,,,,,,,,,,,490.22,,35.0,38.0,43.0,12.0,0.0,0.0,0.0,0.0,0.0,
2024-07-15,11,19,3,1,128,7.73,6.43,94,8.59,14.84,2.34,0.78,73.44,,,,,,,,,,,,,,,,,491.54,,51.0,32.0,32.0,13.0,0.0,0.0,0.0,0.0,0.0,
2024-07-16,8,12,6,0,128,8.15,7.91,102,6.25,9.38,4.69,0.0,79.69,,,,,,,,,,,,,,,,,491.73,,66.0,25.0,26.0,11.0,0.0,0.0,0.0,0.0,0.0,
2024-07-17,10,19,3,0,128,7.86,7.54,96,7.81,14.84,2.34,0.0,75.0,,,,,,,,,,,,,,,,,477.29,,52.0,34.0,30.0,12.0,0.0,0.0,0.0,0.0,0.0,
2024-07-18,10,27,4,2,129,7.07,7.22,86,7.75,20.93,3.1,1.55,66.67,,,,,,,,,,,,,,,,,475.04,,42.0,36.0,38.0,13.0,0.0,0.0,0.0,0.0,0.0,
2024-07-19,12,35,2,0,129,5.92,6.77,80,9.3,27.13,1.55,0.0,62.02,,,,,,,,,,,,,,,,,470.82,,22.0,42.0,44.0,21.0,0.0,0.0,0.0,0.0,0.0,
2024-07-22,13,37,3,0,129,4.9,7.12,76,10.08,28.68,2.33,0.0,58.91,,,,,,,,,,,,,,,,,477.84,,17.0,39.0,44.0,29.0,0.0,0.0,0.0,0.0,0.0,
2024-07-23,15,27,3,0,129,4.16,6.59,84,11.63,20.93,2.33,0.0,65.12,,,,,,,,,,,,,,,,,476.15,,4.0,50.0,36.0,39.0,0.0,0.0,0.0,0.0,0.0,
2024-07-24,19,32,4,0,129,3.28,4.19,74,14.73,24.81,3.1,0.0,57.36,,,,,,,,,,,,,,,,,459.07,,1.0,44.0,42.0,42.0,0.0,0.0,0.0,0.0,0.0,
2024-07-25,20,48,3,0,129,2.55,3.49,58,15.5,37.21,2.33,0.0,44.96,,,,,,,,,,,,,,,,,454.01,,1.0,29.0,57.0,42.0,0.0,0.0,0.0,0.0,0.0,
2024-07-26,23,45,3,0,129,1.81,4.31,58,17.83,34.88,2.33,0.0,44.96,,,,,,,,,,,,,,,,,458.67,,2.0,23.0,51.0,53.0,0.0,0.0,0.0,0.0,0.0,
2024-07-29,26,39,4,0,129,1.26,4.01,60,20.16,30.23,3.1,0.0,46.51,,,,,,,,,,,,,,,,,459.59,,2.0,21.0,45.0,61.0,0.0,0.0,0.0,0.0,0.0,
2024-07-30,29,35,2,0,129,1.1,2.7,63,22.48,27.13,1.55,0.0,48.84,,,,,,,,,,,,,,,,,453.28,,4.0,19.0,43.0,63.0,0.0,0.0,0.0,0.0,0.0,
2024-07-31,21,33,3,0,129,1.59,4.91,72,16.28,25.58,2.33,0.0,55.81,,,,,,,,,,,,,,,,,466.69,,5.0,24.0,39.0,61.0,0.0,0.0,0.0,0.0,0.0,
2024-08-01,28,30,2,0,129,1.49,3.8,69,21.71,23.26,1.55,0.0,53.49,,,,,,,,,,,,,,,,,455.39,,8.0,21.0,36.0,64.0,0.0,0.0,0.0,0.0,0.0,
2024-08-02,42,30,1,0,129,0.81,0.66,56,32.56,23.26,0.78,0.0,43.41,,,,,,,,,,,,,,,,,444.58,,6.0,20.0,37.0,66.0,0.0,0.0,0.0,0.0,0.0,
2024-08-05,68,27,0,0,129,-0.4,-4.01,34,52.71,20.93,0.0,0.0,26.36,,,,,,,,,,,,,,,,,431.32,,6.0,4.0,42.0,77.0,0.0,0.0,0.0,0.0,0.0,
2024-08-06,74,27,0,0,129,-1.89,-3.46,28,57.36,20.93,0.0,0.0,21.71,,,,,,,,,,,,,,,,,435.45,,6.0,3.0,34.0,86.0,0.0,0.0,0.0,0.0,0.0,
2024-08-07,82,14,0,0,129,-3.04,-3.45,33,63.57,10.85,0.0,0.0,25.58,,,,,,,,,,,,,,,,,430.73,,5.0,1.0,15.0,108.0,0.0,0.0,0.0,0.0,0.0,
2024-08-08,67,16,0,0,130,-3.23,-1.72,47,51.54,12.31,0.0,0.0,36.15,,,,,,,,,,,,,,,,,443.91,,3.0,3.0,16.0,108.0,0.0,0.0,0.0,0.0,0.0,
2024-08-09,66,16,1,0,130,-2.53,-1.78,47,50.77,12.31,0.77,0.0,36.15,,,,,,,,,,,,,,,,,446.23,,0.0,6.0,19.0,105.0,0.0,0.0,0.0,0.0,0.0,
2024-08-12,58,25,0,0,130,-1.71,-1.52,47,44.62,19.23,0.0,0.0,36.15,,,,,,,,,,,,,,,,,447.19,,0.0,6.0,32.0,92.0,0.0,0.0,0.0,0.0,0.0,
2024-08-13,51,37,0,0,130,-0.4,-0.74,42,39.23,28.46,0.0,0.0,32.31,,,,,,,,,,,,,,,,,458.28,,0.0,9.0,41.0,80.0,0.0,0.0,0.0,0.0,0.0,
2024-08-14,47,36,1,0,130,0.49,-1.17,46,36.15,27.69,0.77,0.0,35.38,,,,,,,,,,,,,,,,,458.43,,0.0,12.0,52.0,66.0,0.0,0.0,0.0,0.0,0.0,
2024-08-15,37,39,1,0,130,1.57,-1.07,53,28.46,30.0,0.77,0.0,40.77,,,,,,,,,,,,,,,,,470.01,,2.0,13.0,66.0,49.0,0.0,0.0,0.0,0.0,0.0,
2024-08-16,24,53,1,0,130,3.12,0.06,52,18.46,40.77,0.77,0.0,40.0,,,,,,,,,,,,,,,,,470.62,,6.0,14.0,78.0,32.0,0.0,0.0,0.0,0.0,0.0,
2024-08-19,19,48,1,0,130,4.26,0.27,62,14.62,36.92,0.77,0.0,47.69,,,,,,,,,,,,,,,,,476.8,,8.0,25.0,75.0,22.0,0.0,0.0,0.0,0.0,0.0,
2024-08-20,14,32,1,0,130,5.65,0.23,83,10.77,24.62,0.77,0.0,63.85,,,,,,,,,,,,,,,,,475.8,,25.0,28.0,61.0,16.0,0.0,0.0,0.0,0.0,0.0,
2024-08-21,13,28,1,0,130,6.67,0.92,88,10.0,21.54,0.77,0.0,67.69,,,,,,,,,,,,,,,,,478.02,,42.0,25.0,49.0,14.0,0.0,0.0,0.0,0.0,0.0,
2024-08-22,13,17,0,0,130,7.08,0.41,100,10.0,13.08,0.0,0.0,76.92,,,,,,,,,,,,,,,,,470.44,,45.0,31.0,39.0,15.0,0.0,0.0,0.0,0.0,0.0,
2024-08-23,12,10,0,0,130,7.5,2.67,108,9.23,7.69,0.0,0.0,83.08,,,,,,,,,,,,,,,,,475.54,,49.0,40.0,27.0,14.0,0.0,0.0,0.0,0.0,0.0,
2024-08-26,12,7,0,0,130,7.69,1.55,111,9.23,5.38,0.0,0.0,85.38,,,,,,,,,,,,,,,,,470.92,,54.0,40.0,23.0,13.0,0.0,0.0,0.0,0.0,0.0,
2024-08-27,16,6,0,0,130,7.64,1.58,108,12.31,4.62,0.0,0.0,83.08,,,,,,,,,,,,,,,,,472.33,,51.0,43.0,19.0,17.0,0.0,0.0,0.0,0.0,0.0,
2024-08-28,15,9,0,0,130,7.48,2.29,106,11.54,6.92,0.0,0.0,81.54,,,,,,,,,,,,,,,,,466.97,,40.0,50.0,24.0,16.0,0.0,0.0,0.0,0.0,0.0,
2024-08-29,15,12,1,0,130,7.33,2.38,102,11.54,9.23,0.77,0.0,78.46,,,,,,,,,,,,,,,,,466.29,,39.0,47.0,28.0,16.0,0.0,0.0,0.0,0.0,0.0,
2024-08-30,16,16,1,0,130,7.04,2.51,97,12.31,12.31,0.77,0.0,74.62,,,,,,,,,,,,,,,,,471.84,,32.0,49.0,32.0,17.0,0.0,0.0,0.0,0.0,0.0,
2024-09-02,20,20,1,0,130,7.62,1.66,89,15.38,15.38,0.77,0.0,68.46,20.0,1.0,0.0,0.0,11.0,20.0,1.0,0.0,4.0,18.0,1.0,0.0,3.0,49.0,2.0,0.0,476.2699890136719,563.6799926757812,,,,,0.0,0.0,0.0,0.0,0.0,
2024-09-03,15,28,1,0,130,6.2,0.81,86,11.54,21.54,0.77,0.0,66.15,,,,,,,,,,,,,,,,,457.52,,9.0,55.0,50.0,16.0,0.0,0.0,0.0,0.0,0.0,
2024-09-04,15,43,1,0,130,5.4,0.47,71,11.54,33.08,0.77,0.0,54.62,,,,,,,,,,,,,,,,,456.33,,10.0,36.0,68.0,16.0,0.0,0.0,0.0,0.0,0.0,
2024-09-05,19,41,2,0,130,4.15,-0.68,68,14.62,31.54,1.54,0.0,52.31,,,,,,,,,,,,,,,,,456.76,,7.0,26.0,77.0,20.0,0.0,0.0,0.0,0.0,0.0,
2024-09-06,30,46,0,0,130,2.6,-2.27,54,23.08,35.38,0.0,0.0,41.54,,,,,,,,,,,,,,,,,444.52,,3.0,13.0,82.0,32.0,0.0,0.0,0.0,0.0,0.0,
2024-09-09,34,56,2,0,130,1.64,-0.74,38,26.15,43.08,1.54,0.0,29.23,,,,,,,,,,,,,,,,,450.24,,4.0,9.0,79.0,38.0,0.0,0.0,0.0,0.0,0.0,
2024-09-10,41,52,1,0,130,0.87,-1.07,36,31.54,40.0,0.77,0.0,27.69,,,,,,,,,,,,,,,,,454.4,,10.0,2.0,72.0,46.0,0.0,0.0,0.0,0.0,0.0,
2024-09-11,38,61,2,0,130,0.47,-0.25,29,29.23,46.92,1.54,0.0,22.31,,,,,,,,,,,,,,,,,464.27,,9.0,2.0,73.0,46.0,0.0,0.0,0.0,0.0,0.0,
2024-09-12,38,56,2,0,130,0.89,0.28,34,29.23,43.08,1.54,0.0,26.15,,,,,,,,,,,,,,,,,468.82,,9.0,4.0,69.0,48.0,0.0,0.0,0.0,0.0,0.0,
2024-09-13,35,59,3,0,130,1.5,1.45,33,26.92,45.38,2.31,0.0,25.38,,,,,,,,,,,,,,,,,470.92,,10.0,4.0,69.0,47.0,0.0,0.0,0.0,0.0,0.0,
2024-09-16,34,56,2,0,130,1.95,2.23,38,26.15,43.08,1.54,0.0,29.23,,,,,,,,,,,,,,,,,468.84,,10.0,8.0,65.0,47.0,0.0,0.0,0.0,0.0,0.0,
2024-09-17,33,59,3,0,130,2.57,2.03,35,25.38,45.38,2.31,0.0,26.92,,,,,,,,,,,,,,,,,469.09,,13.0,7.0,68.0,42.0,0.0,0.0,0.0,0.0,0.0,
2024-09-18,31,45,3,0,130,2.95,1.45,51,23.85,34.62,2.31,0.0,39.23,,,,,,,,,,,,,,,,,467.06,,8.0,23.0,59.0,40.0,0.0,0.0,0.0,0.0,0.0,
2024-09-19,27,46,1,0,130,3.83,3.15,56,20.77,35.38,0.77,0.0,43.08,,,,,,,,,,,,,,,,,478.87,,10.0,30.0,54.0,36.0,0.0,0.0,0.0,0.0,0.0,
2024-09-20,18,39,2,0,130,4.81,3.06,71,13.85,30.0,1.54,0.0,54.62,,,,,,,,,,,,,,,,,477.96,,17.0,32.0,55.0,26.0,0.0,0.0,0.0,0.0,0.0,
2024-09-23,18,34,2,0,130,5.53,3.36,76,13.85,26.15,1.54,0.0,58.46,,,,,,,,,,,,,,,,,479.22,,22.0,35.0,50.0,23.0,0.0,0.0,0.0,0.0,0.0,
2024-09-24,10,29,2,0,130,6.54,4.7,89,7.69,22.31,1.54,0.0,68.46,,,,,,,,,,,,,,,,,481.54,,39.0,32.0,45.0,14.0,0.0,0.0,0.0,0.0,0.0,
2024-09-25,8,22,2,0,130,6.9,4.42,98,6.15,16.92,1.54,0.0,75.38,,,,,,,,,,,,,,,,,481.98,,40.0,34.0,43.0,13.0,0.0,0.0,0.0,0.0,0.0,
2024-09-26,5,25,2,0,130,7.36,5.91,98,3.85,19.23,1.54,0.0,75.38,,,,,,,,,,,,,,,,,485.6,,41.0,37.0,42.0,10.0,0.0,0.0,0.0,0.0,0.0,
2024-09-27,4,21,3,0,130,7.75,6.02,102,3.08,16.15,2.31,0.0,78.46,,,,,,,,,,,,,,,,,482.91,,53.0,28.0,40.0,9.0,0.0,0.0,0.0,0.0,0.0,
2024-09-30,4,16,2,0,130,7.67,5.59,108,3.08,12.31,1.54,0.0,83.08,,,,,,,,,,,,,,,,,484.21,,44.0,41.0,35.0,10.0,0.0,0.0,0.0,0.0,0.0,
2024-10-01,5,18,3,0,130,7.51,4.99,104,3.85,13.85,2.31,0.0,80.0,,,,,,,,,,,,,,,,,477.47,,24.0,61.0,36.0,9.0,0.0,0.0,0.0,0.0,0.0,
2024-10-02,6,27,5,2,130,7.13,4.03,90,4.62,20.77,3.85,1.54,69.23,,,,,,,,,,,,,,,,,478.14,,21.0,53.0,46.0,10.0,0.0,0.0,0.0,0.0,0.0,
2024-10-03,6,35,5,2,130,6.11,3.25,82,4.62,26.92,3.85,1.54,63.08,,,,,,,,,,,,,,,,,477.79,,9.0,51.0,60.0,10.0,0.0,0.0,0.0,0.0,0.0,
2024-10-04,7,52,4,3,130,5.37,4.02,64,5.38,40.0,3.08,2.31,49.23,,,,,,,,,,,,,,,,,483.47,,8.0,32.0,75.0,15.0,0.0,0.0,0.0,0.0,0.0,
2024-10-07,8,53,4,3,130,4.49,4.34,62,6.15,40.77,3.08,2.31,47.69,,,,,,,,,,,,,,,,,478.29,,6.0,26.0,77.0,21.0,0.0,0.0,0.0,0.0,0.0,
2024-10-08,11,50,4,1,130,3.73,3.11,64,8.46,38.46,3.08,0.77,49.23,,,,,,,,,,,,,,,,,485.44,,3.0,24.0,76.0,27.0,0.0,0.0,0.0,0.0,0.0,
2024-10-09,14,51,2,1,130,3.7,2.73,62,10.77,39.23,1.54,0.77,47.69,,,,,,,,,,,,,,,,,489.25,,5.0,19.0,74.0,32.0,0.0,0.0,0.0,0.0,0.0,
2024-10-10,18,49,2,0,130,3.41,1.86,61,13.85,37.69,1.54,0.0,46.92,,,,,,,,,,,,,,,,,488.7,,4.0,20.0,70.0,36.0,0.0,0.0,0.0,0.0,0.0,
2024-10-11,16,48,3,0,130,3.66,2.51,63,12.31,36.92,2.31,0.0,48.46,,,,,,,,,,,,,,,,,489.46,,4.0,28.0,64.0,34.0,0.0,0.0,0.0,0.0,0.0,
2024-10-14,13,44,4,0,130,3.87,1.96,69,10.0,33.85,3.08,0.0,53.08,,,,,,,,,,,,,,,,,493.57,,8.0,31.0,67.0,24.0,0.0,0.0,0.0,0.0,0.0,
2024-10-15,15,41,3,0,130,3.89,2.14,71,11.54,31.54,2.31,0.0,54.62,,,,,,,,,,,,,,,,,486.97,,11.0,29.0,61.0,29.0,0.0,0.0,0.0,0.0,0.0,
2024-10-16,17,43,5,0,130,3.92,3.09,65,13.08,33.08,3.85,0.0,50.0,,,,,,,,,,,,,,,,,487.03,,12.0,27.0,60.0,31.0,0.0,0.0,0.0,0.0,0.0,
2024-10-17,15,38,4,0,130,3.75,3.37,73,11.54,29.23,3.08,0.0,56.15,,,,,,,,,,,,,,,,,487.37,,22.0,18.0,53.0,37.0,0.0,0.0,0.0,0.0,0.0,
2024-10-18,17,37,7,0,130,3.55,3.01,69,13.08,28.46,5.38,0.0,53.08,,,,,,,,,,,,,,,,,490.56,,21.0,14.0,59.0,36.0,0.0,0.0,0.0,0.0,0.0,
2024-10-21,17,31,6,0,130,3.44,2.83,76,13.08,23.85,4.62,0.0,58.46,,,,,,,,,,,,,,,,,491.51,,15.0,25.0,51.0,39.0,0.0,0.0,0.0,0.0,0.0,
2024-10-22,18,36,6,0,130,3.04,3.87,70,13.85,27.69,4.62,0.0,53.85,,,,,,,,,,,,,,,,,492.04,,11.0,25.0,53.0,41.0,0.0,0.0,0.0,0.0,0.0,
2024-10-23,18,43,5,0,130,2.37,3.71,64,13.85,33.08,3.85,0.0,49.23,,,,,,,,,,,,,,,,,484.5,,7.0,20.0,57.0,46.0,0.0,0.0,0.0,0.0,0.0,
2024-10-24,24,40,6,0,130,1.56,3.18,60,18.46,30.77,4.62,0.0,46.15,,,,,,,,,,,,,,,,,488.43,,4.0,18.0,53.0,55.0,0.0,0.0,0.0,0.0,0.0,
2024-10-25,27,40,4,0,130,0.77,3.49,59,20.77,30.77,3.08,0.0,45.38,,,,,,,,,,,,,,,,,491.41,,2.0,17.0,49.0,62.0,0.0,0.0,0.0,0.0,0.0,
2024-10-28,27,39,4,0,130,0.38,4.55,60,20.77,30.0,3.08,0.0,46.15,,,,,,,,,,,,,,,,,491.49,,3.0,16.0,45.0,66.0,0.0,0.0,0.0,0.0,0.0,
2024-10-29,36,40,0,0,130,0.37,3.17,54,27.69,30.77,0.0,0.0,41.54,,,,,,,,,,,,,,,,,496.21,,2.0,12.0,46.0,70.0,0.0,0.0,0.0,0.0,0.0,
2024-10-30,26,32,3,0,130,0.33,4.2,69,20.0,24.62,2.31,0.0,53.08,,,,,,,,,,,,,,,,,492.46,,1.0,17.0,39.0,73.0,0.0,0.0,0.0,0.0,0.0,
2024-10-31,28,37,2,1,130,0.07,4.85,62,21.54,28.46,1.54,0.77,47.69,,,,,,,,,,,,,,,,,480.03,,1.0,13.0,42.0,74.0,0.0,0.0,0.0,0.0,0.0,
2024-11-01,21,30,8,1,130,-0.54,6.93,70,16.15,23.08,6.15,0.77,53.85,,,,,,,,,,,,,,,,,483.58,,2.0,6.0,44.0,78.0,0.0,0.0,0.0,0.0,0.0,
2024-11-04,22,28,9,0,130,-1.07,6.47,71,16.92,21.54,6.92,0.0,54.62,,,,,,,,,,,,,,,,,482.17,,0.0,3.0,43.0,84.0,0.0,0.0,0.0,0.0,0.0,
2024-11-05,20,30,10,0,131,-0.99,7.97,71,15.27,22.9,7.63,0.0,54.2,,,,,,,,,,,,,,,,,488.32,,0.0,3.0,48.0,80.0,0.0,0.0,0.0,0.0,0.0,
2024-11-06,27,46,13,0,131,0.06,6.56,45,20.61,35.11,9.92,0.0,34.35,,,,,,,,,,,,,,,,,501.59,,0.0,5.0,66.0,60.0,0.0,0.0,0.0,0.0,0.0,
2024-11-07,24,55,17,0,131,1.63,7.05,35,18.32,41.98,12.98,0.0,26.72,,,,,,,,,,,,,,,,,509.48,,1.0,4.0,84.0,42.0,0.0,0.0,0.0,0.0,0.0,
2024-11-08,21,49,10,4,131,2.95,7.93,47,16.03,37.4,7.63,3.05,35.88,,,,,,,,,,,,,,,,,510.08,,4.0,24.0,68.0,35.0,0.0,0.0,0.0,0.0,0.0,
2024-11-11,19,30,6,6,131,3.62,9.16,70,14.5,22.9,4.58,4.58,53.44,,,,,,,,,,,,,,,,,509.78,,27.0,20.0,48.0,36.0,0.0,0.0,0.0,0.0,0.0,
2024-11-12,28,26,5,6,131,3.34,6.75,66,21.37,19.85,3.82,4.58,50.38,,,,,,,,,,,,,,,,,508.86,,29.0,19.0,42.0,41.0,0.0,0.0,0.0,0.0,0.0,
2024-11-13,37,12,3,3,131,2.55,4.58,76,28.24,9.16,2.29,2.29,58.02,,,,,,,,,,,,,,,,,508.2,,27.0,20.0,29.0,55.0,0.0,0.0,0.0,0.0,0.0,
2024-11-14,44,10,2,3,131,1.62,3.65,72,33.59,7.63,1.53,2.29,54.96,,,,,,,,,,,,,,,,,504.67,,15.0,29.0,25.0,62.0,0.0,0.0,0.0,0.0,0.0,
2024-11-15,52,5,2,2,131,0.79,1.84,70,39.69,3.82,1.53,1.53,53.44,,,,,,,,,,,,,,,,,492.65,,6.0,38.0,17.0,70.0,0.0,0.0,0.0,0.0,0.0,
2024-11-18,49,6,3,3,131,0.37,2.66,70,37.4,4.58,2.29,2.29,53.44,,,,,,,,,,,,,,,,,496.07,,5.0,36.0,17.0,73.0,0.0,0.0,0.0,0.0,0.0,
2024-11-19,51,9,2,3,131,0.22,2.47,66,38.93,6.87,1.53,2.29,50.38,,,,,,,,,,,,,,,,,499.48,,5.0,33.0,19.0,74.0,0.0,0.0,0.0,0.0,0.0,
2024-11-20,44,10,3,4,131,0.32,3.19,70,33.59,7.63,2.29,3.05,53.44,,,,,,,,,,,,,,,,,499.2,,5.0,32.0,21.0,73.0,0.0,0.0,0.0,0.0,0.0,
2024-11-21,54,10,2,3,131,0.66,1.71,62,41.22,7.63,1.53,2.29,47.33,,,,,,,,,,,,,,,,,500.99,,6.0,34.0,21.0,70.0,0.0,0.0,0.0,0.0,0.0,
2024-11-22,51,10,3,3,131,1.19,2.68,64,38.93,7.63,2.29,2.29,48.85,,,,,,,,,,,,,,,,,501.79,,7.0,35.0,21.0,68.0,0.0,0.0,0.0,0.0,0.0,
2024-11-25,51,13,1,3,131,1.81,2.99,63,38.93,9.92,0.76,2.29,48.09,,,,,,,,,,,,,,,,,502.59,,9.0,36.0,25.0,61.0,0.0,0.0,0.0,0.0,0.0,
2024-11-26,46,11,2,4,131,2.34,3.11,68,35.11,8.4,1.53,3.05,51.91,,,,,,,,,,,,,,,,,505.29,,19.0,28.0,26.0,58.0,0.0,0.0,0.0,0.0,0.0,
2024-11-27,40,11,2,4,131,2.87,3.04,74,30.53,8.4,1.53,3.05,56.49,,,,,,,,,,,,,,,,,501.31,,25.0,26.0,28.0,52.0,0.0,0.0,0.0,0.0,0.0,
2024-11-28,40,9,2,5,131,3.97,4.4,75,30.53,6.87,1.53,3.82,57.25,40.0,12.0,2.0,1.0,11.0,9.0,2.0,0.0,2.0,10.0,1.0,1.0,1.0,29.0,6.0,4.0,505.2999877929688,598.8300170898438,,,,,0.0,0.0,0.0,0.0,0.0,
2024-11-29,35,12,4,2,131,3.43,3.02,78,26.72,9.16,3.05,1.53,59.54,,,,,,,,,,,,,,,,,505.71,,33.0,16.0,35.0,47.0,0.0,0.0,0.0,0.0,0.0,
2024-12-02,27,16,3,2,131,3.94,4.67,83,20.61,12.21,2.29,1.53,63.36,,,,,,,,,,,,,,,,,511.22,,34.0,15.0,42.0,40.0,0.0,0.0,0.0,0.0,0.0,
2024-12-03,23,22,4,2,131,4.47,5.17,80,17.56,16.79,3.05,1.53,61.07,,,,,,,,,,,,,,,,,512.79,,19.0,35.0,48.0,29.0,0.0,0.0,0.0,0.0,0.0,
2024-12-04,22,24,4,4,131,4.91,5.43,77,16.79,18.32,3.05,3.05,58.78,,,,,,,,,,,,,,,,,519.13,,22.0,34.0,49.0,26.0,0.0,0.0,0.0,0.0,0.0,
2024-12-05,22,22,6,5,131,5.17,6.57,76,16.79,16.79,4.58,3.82,58.02,,,,,,,,,,,,,,,,,517.69,,25.0,34.0,46.0,26.0,0.0,0.0,0.0,0.0,0.0,
2024-12-06,22,23,4,5,131,5.06,5.77,77,16.79,17.56,3.05,3.82,58.78,,,,,,,,,,,,,,,,,522.32,,23.0,33.0,48.0,27.0,0.0,0.0,0.0,0.0,0.0,
2024-12-09,22,27,4,5,131,4.77,5.13,73,16.79,20.61,3.05,3.82,55.73,,,,,,,,,,,,,,,,,518.25,,23.0,31.0,50.0,27.0,0.0,0.0,0.0,0.0,0.0,
2024-12-10,21,28,5,4,131,4.12,5.09,73,16.03,21.37,3.82,3.05,55.73,,,,,,,,,,,,,,,,,516.49,,13.0,36.0,53.0,29.0,0.0,0.0,0.0,0.0,0.0,
2024-12-11,21,21,5,4,131,3.66,5.29,80,16.03,16.03,3.82,3.05,61.07,,,,,,,,,,,,,,,,,525.73,,11.0,40.0,43.0,37.0,0.0,0.0,0.0,0.0,0.0,
2024-12-12,24,14,5,3,131,3.34,4.77,85,18.32,10.69,3.82,2.29,64.89,,,,,,,,,,,,,,,,,522.34,,12.0,37.0,36.0,46.0,0.0,0.0,0.0,0.0,0.0,
2024-12-13,24,15,5,2,131,3.01,4.4,85,18.32,11.45,3.82,1.53,64.89,,,,,,,,,,,,,,,,,526.34,,12.0,22.0,50.0,47.0,0.0,0.0,0.0,0.0,0.0,
2024-12-16,25,18,7,1,131,2.95,4.26,80,19.08,13.74,5.34,0.76,61.07,,,,,,,,,,,,,,,,,533.92,,8.0,19.0,58.0,46.0,0.0,0.0,0.0,0.0,0.0,
2024-12-17,24,20,6,2,131,2.43,4.04,79,18.32,15.27,4.58,1.53,60.31,,,,,,,,,,,,,,,,,531.57,,6.0,19.0,59.0,47.0,0.0,0.0,0.0,0.0,0.0,
2024-12-18,43,17,7,1,131,1.12,-0.06,63,32.82,12.98,5.34,0.76,48.09,,,,,,,,,,,,,,,,,512.39,,2.0,13.0,63.0,53.0,0.0,0.0,0.0,0.0,0.0,
2024-12-19,59,22,6,1,131,-0.33,-0.5,43,45.04,16.79,4.58,0.76,32.82,,,,,,,,,,,,,,,,,510.11,,0.0,9.0,51.0,71.0,0.0,0.0,0.0,0.0,0.0,
2024-12-20,70,14,7,1,131,-1.8,-0.75,39,53.44,10.69,5.34,0.76,29.77,,,,,,,,,,,,,,,,,514.56,,0.0,3.0,38.0,90.0,0.0,0.0,0.0,0.0,0.0,
2024-12-23,71,15,4,1,131,-2.84,-1.1,40,54.2,11.45,3.05,0.76,30.53,,,,,,,,,,,,,,,,,519.58,,0.0,2.0,34.0,95.0,0.0,0.0,0.0,0.0,0.0,
2024-12-24,68,14,3,1,131,-2.79,0.02,45,51.91,10.69,2.29,0.76,34.35,,,,,,,,,,,,,,,,,526.62,,0.0,3.0,31.0,97.0,0.0,0.0,0.0,0.0,0.0,
2024-12-26,69,15,6,0,131,-2.3,-1.24,41,52.67,11.45,4.58,0.0,31.3,,,,,,,,,,,,,,,,,526.26,,0.0,5.0,34.0,92.0,0.0,0.0,0.0,0.0,0.0,
2024-12-27,70,19,3,0,131,-1.87,-1.89,39,53.44,14.5,2.29,0.0,29.77,,,,,,,,,,,,,,,,,519.27,,0.0,6.0,35.0,90.0,0.0,0.0,0.0,0.0,0.0,
2024-12-30,71,18,4,0,131,-1.87,-2.52,38,54.2,13.74,3.05,0.0,29.01,,,,,,,,,,,,,,,,,512.36,,2.0,4.0,37.0,88.0,0.0,0.0,0.0,0.0,0.0,
2024-12-31,72,14,4,0,131,-2.21,-2.35,41,54.96,10.69,3.05,0.0,31.3,,,,,,,,,,,,,,,,,508.01,,2.0,3.0,32.0,94.0,0.0,0.0,0.0,0.0,0.0,
2025-01-02,73,10,1,0,131,-2.81,-2.07,47,55.73,7.63,0.76,0.0,35.88,,,,,,,,,,,,,,,,,507.02,,1.0,7.0,23.0,100.0,0.0,0.0,0.0,0.0,0.0,
2025-01-03,70,7,5,0,131,-2.74,-0.45,49,53.44,5.34,3.82,0.0,37.4,,,,,,,,,,,,,,,,,515.31,,1.0,5.0,20.0,105.0,0.0,0.0,0.0,0.0,0.0,
2025-01-06,66,13,5,0,131,-1.91,-0.16,47,50.38,9.92,3.82,0.0,35.88,,,,,,,,,,,,,,,,,521.24,,3.0,3.0,36.0,89.0,0.0,0.0,0.0,0.0,0.0,
2025-01-07,58,19,5,0,131,-1.05,-0.48,49,44.27,14.5,3.82,0.0,37.4,,,,,,,,,,,,,,,,,511.93,,3.0,3.0,46.0,79.0,0.0,0.0,0.0,0.0,0.0,
2025-01-08,53,23,2,0,131,-0.15,-0.87,53,40.46,17.56,1.53,0.0,40.46,,,,,,,,,,,,,,,,,512.02,,2.0,7.0,55.0,67.0,0.0,0.0,0.0,0.0,0.0,
2025-01-09,61,23,4,0,131,0.65,-1.32,43,46.56,17.56,3.05,0.0,32.82,61.0,3.0,0.0,0.0,22.0,23.0,4.0,1.0,1.0,4.0,1.0,0.0,2.0,5.0,4.0,0.0,515.27001953125,589.489990234375,,,,,0.0,0.0,0.0,0.0,0.0,
2025-01-10,55,17,6,0,131,-0.06,-1.65,53,41.98,12.98,4.58,0.0,40.46,,,,,,,,,,,,,,,,,504.0,,2.0,8.0,54.0,67.0,0.0,0.0,0.0,0.0,0.0,
2025-01-13,54,10,5,0,131,-0.71,-1.7,62,41.22,7.63,3.82,0.0,47.33,,,,,,,,,,,,,,,,,502.38,,2.0,8.0,46.0,75.0,0.0,0.0,0.0,0.0,0.0,
2025-01-14,58,10,3,0,131,-1.03,-1.93,60,44.27,7.63,2.29,0.0,45.8,,,,,,,,,,,,,,,,,501.9,,2.0,9.0,40.0,80.0,0.0,0.0,0.0,0.0,0.0,
2025-01-15,56,10,1,1,131,-0.67,-1.01,63,42.75,7.63,0.76,0.76,48.09,,,,,,,,,,,,,,,,,513.45,,3.0,11.0,38.0,79.0,0.0,0.0,0.0,0.0,0.0,
2025-01-16,48,24,2,2,131,0.37,0.37,55,36.64,18.32,1.53,1.53,41.98,,,,,,,,,,,,,,,,,509.85,,4.0,10.0,56.0,61.0,0.0,0.0,0.0,0.0,0.0,
2025-01-17,36,23,3,1,131,1.77,0.4,68,27.48,17.56,2.29,0.76,51.91,,,,,,,,,,,,,,,,,518.45,,5.0,16.0,64.0,46.0,0.0,0.0,0.0,0.0,0.0,
2025-01-20,41,24,3,2,133,2.7,1.06,63,30.83,18.05,2.26,1.5,47.37,41.0,5.0,0.0,0.0,25.0,24.0,3.0,2.0,5.0,8.0,0.0,1.0,1.0,11.0,6.0,1.0,521.739990234375,597.5800170898438,,,,,0.0,0.0,0.0,0.0,0.0,
2025-01-21,21,34,3,1,132,4.02,1.79,73,15.91,25.76,2.27,0.76,55.3,,,,,,,,,,,,,,,,,521.49,,12.0,20.0,77.0,23.0,0.0,0.0,0.0,0.0,0.0,
2025-01-22,15,20,3,3,132,5.32,1.74,91,11.36,15.15,2.27,2.27,68.94,,,,,,,,,,,,,,,,,528.16,,15.0,36.0,64.0,17.0,0.0,0.0,0.0,0.0,0.0,
2025-01-23,13,13,2,5,132,6.34,2.22,99,9.85,9.85,1.52,3.79,75.0,,,,,,,,,,,,,,,,,529.28,,23.0,43.0,53.0,13.0,0.0,0.0,0.0,0.0,0.0,
2025-01-24,10,14,2,5,132,7.22,2.89,101,7.58,10.61,1.52,3.79,76.52,,,,,,,,,,,,,,,,,526.29,,50.0,30.0,42.0,10.0,0.0,0.0,0.0,0.0,0.0,
2025-01-27,10,19,3,4,132,7.02,2.63,96,7.58,14.39,2.27,3.03,72.73,,,,,,,,,,,,,,,,,510.97,,33.0,39.0,50.0,10.0,0.0,0.0,0.0,0.0,0.0,
2025-01-28,9,17,3,5,133,6.71,2.66,99,6.77,12.78,2.26,3.76,74.44,,,,,,,,,,,,,,,,,518.52,,21.0,47.0,56.0,9.0,0.0,0.0,0.0,0.0,0.0,
2025-01-29,12,18,4,4,133,6.46,2.79,95,9.02,13.53,3.01,3.01,71.43,,,,,,,,,,,,,,,,,517.55,,24.0,47.0,50.0,12.0,0.0,0.0,0.0,0.0,0.0,
2025-01-30,14,17,4,5,133,6.33,3.04,93,10.53,12.78,3.01,3.76,69.92,,,,,,,,,,,,,,,,,519.76,,24.0,46.0,48.0,15.0,0.0,0.0,0.0,0.0,0.0,
2025-01-31,15,12,3,3,133,6.23,2.35,100,11.28,9.02,2.26,2.26,75.19,,,,,,,,,,,,,,,,,519.0,,18.0,55.0,43.0,17.0,0.0,0.0,0.0,0.0,0.0,
2025-02-03,18,8,1,2,133,5.79,1.23,104,13.53,6.02,0.75,1.5,78.2,,,,,,,,,,,,,,,,,514.85,,9.0,69.0,34.0,21.0,0.0,0.0,0.0,0.0,0.0,
2025-02-04,21,17,2,3,133,5.61,3.31,90,15.79,12.78,1.5,2.26,67.67,,,,,,,,,,,,,,,,,521.17,,13.0,58.0,36.0,26.0,0.0,0.0,0.0,0.0,0.0,
2025-02-05,20,15,3,4,133,5.32,4.06,91,15.04,11.28,2.26,3.01,68.42,,,,,,,,,,,,,,,,,523.53,,13.0,60.0,32.0,28.0,0.0,0.0,0.0,0.0,0.0,
2025-02-06,20,17,5,4,133,5.15,4.55,87,15.04,12.78,3.76,3.01,65.41,,,,,,,,,,,,,,,,,526.26,,9.0,58.0,38.0,28.0,0.0,0.0,0.0,0.0,0.0,
2025-02-07,21,21,3,4,133,5.14,3.31,84,15.79,15.79,2.26,3.01,63.16,,,,,,,,,,,,,,,,,519.63,,22.0,44.0,39.0,28.0,0.0,0.0,0.0,0.0,0.0,
2025-02-10,22,15,3,0,133,5.34,3.02,93,16.54,11.28,2.26,0.0,69.92,,,,,,,,,,,,,,,,,525.92,,25.0,39.0,41.0,28.0,0.0,0.0,0.0,0.0,0.0,
2025-02-11,23,16,3,2,133,5.28,2.15,89,17.29,12.03,2.26,1.5,66.92,,,,,,,,,,,,,,,,,524.66,,20.0,42.0,44.0,27.0,0.0,0.0,0.0,0.0,0.0,
2025-02-12,22,19,2,1,133,5.11,2.45,89,16.54,14.29,1.5,0.75,66.92,,,,,,,,,,,,,,,,,524.97,,23.0,37.0,47.0,26.0,0.0,0.0,0.0,0.0,0.0,
2025-02-13,18,22,3,3,133,5.29,3.02,87,13.53,16.54,2.26,2.26,65.41,,,,,,,,,,,,,,,,,532.52,,31.0,27.0,51.0,24.0,0.0,0.0,0.0,0.0,0.0,
2025-02-14,18,27,3,3,133,5.39,4.09,82,13.53,20.3,2.26,2.26,61.65,,,,,,,,,,,,,,,,,534.76,,33.0,29.0,48.0,23.0,0.0,0.0,0.0,0.0,0.0,
2025-02-17,15,21,0,5,133,7.96,6.6,92,11.28,15.79,0.0,3.76,69.17,15.0,10.0,0.0,0.0,7.0,21.0,0.0,0.0,1.0,5.0,3.0,1.0,0.0,57.0,9.0,4.0,538.1500244140625,609.7000122070312,,,,,0.0,0.0,0.0,0.0,0.0,
2025-02-18,14,24,3,6,133,5.93,5.75,86,10.53,18.05,2.26,4.51,64.66,,,,,,,,,,,,,,,,,535.97,,36.0,34.0,43.0,20.0,0.0,0.0,0.0,0.0,0.0,
2025-02-19,15,25,4,5,133,6.34,6.97,84,11.28,18.8,3.01,3.76,63.16,,,,,,,,,,,,,,,,,536.12,,36.0,35.0,41.0,21.0,0.0,0.0,0.0,0.0,0.0,
2025-02-20,14,28,4,4,133,6.32,7.18,83,10.53,21.05,3.01,3.01,62.41,,,,,,,,,,,,,,,,,533.85,,34.0,36.0,42.0,21.0,0.0,0.0,0.0,0.0,0.0,
2025-02-21,16,47,6,4,133,5.44,5.67,60,12.03,35.34,4.51,3.01,45.11,,,,,,,,,,,,,,,,,522.77,,24.0,21.0,66.0,22.0,0.0,0.0,0.0,0.0,0.0,
2025-02-24,20,57,7,3,133,4.36,4.66,46,15.04,42.86,5.26,2.26,34.59,,,,,,,,,,,,,,,,,516.6,,12.0,20.0,76.0,25.0,0.0,0.0,0.0,0.0,0.0,
2025-02-25,28,47,7,3,133,3.15,4.08,48,21.05,35.34,5.26,2.26,36.09,,,,,,,,,,,,,,,,,510.09,,7.0,25.0,64.0,37.0,0.0,0.0,0.0,0.0,0.0,
2025-02-26,33,38,8,3,133,2.15,3.7,51,24.81,28.57,6.02,2.26,38.35,,,,,,,,,,,,,,,,,511.32,,7.0,22.0,53.0,51.0,0.0,0.0,0.0,0.0,0.0,
2025-02-27,45,30,4,2,133,1.51,2.56,52,33.83,22.56,3.01,1.5,39.1,,,,,,,,,,,,,,,,,497.12,,8.0,16.0,52.0,57.0,0.0,0.0,0.0,0.0,0.0,
2025-02-28,50,33,3,2,133,0.76,1.33,45,37.59,24.81,2.26,1.5,33.83,,,,,,,,,,,,,,,,,504.97,,7.0,14.0,49.0,63.0,0.0,0.0,0.0,0.0,0.0,
2025-03-03,59,28,8,2,133,0.41,1.11,36,44.36,21.05,6.02,1.5,27.07,,,,,,,,,,,,,,,,,493.92,,7.0,11.0,46.0,69.0,0.0,0.0,0.0,0.0,0.0,
2025-03-04,60,25,9,2,133,-0.33,0.63,37,45.11,18.8,6.77,1.5,27.82,,,,,,,,,,,,,,,,,492.43,,6.0,9.0,44.0,74.0,0.0,0.0,0.0,0.0,0.0,
2025-03-05,58,17,10,1,133,-0.45,2.08,47,43.61,12.78,7.52,0.75,35.34,,,,,,,,,,,,,,,,,498.85,,1.0,17.0,36.0,79.0,0.0,0.0,0.0,0.0,0.0,
2025-03-06,63,20,4,1,133,-0.56,1.22,45,47.37,15.04,3.01,0.75,33.83,,,,,,,,,,,,,,,,,485.12,,2.0,20.0,30.0,81.0,0.0,0.0,0.0,0.0,0.0,
2025-03-07,59,17,5,1,133,-0.42,1.61,51,44.36,12.78,3.76,0.75,38.35,,,,,,,,,,,,,,,,,488.69,,2.0,21.0,33.0,77.0,0.0,0.0,0.0,0.0,0.0,
2025-03-10,62,18,3,1,133,-0.35,-0.04,49,46.62,13.53,2.26,0.75,36.84,,,,,,,,,,,,,,,,,469.75,,6.0,13.0,35.0,79.0,0.0,0.0,0.0,0.0,0.0,
2025-03-11,64,21,3,1,133,-0.77,-0.57,44,48.12,15.79,2.26,0.75,33.08,,,,,,,,,,,,,,,,,468.63,,5.0,10.0,39.0,79.0,0.0,0.0,0.0,0.0,0.0,
2025-03-12,64,26,2,1,133,-1.23,-0.83,40,48.12,19.55,1.5,0.75,30.08,,,,,,,,,,,,,,,,,473.92,,3.0,5.0,43.0,82.0,0.0,0.0,0.0,0.0,0.0,
2025-03-13,72,26,1,1,133,-1.76,-1.09,33,54.14,19.55,0.75,0.75,24.81,,,,,,,,,,,,,,,,,465.39,,2.0,5.0,38.0,88.0,0.0,0.0,0.0,0.0,0.0,
2025-03-14,64,29,3,0,133,-1.76,1.21,37,48.12,21.8,2.26,0.0,27.82,,,,,,,,,,,,,,,,,476.64,,2.0,4.0,41.0,86.0,0.0,0.0,0.0,0.0,0.0,
2025-03-17,61,31,5,0,133,-0.86,2.12,36,45.86,23.31,3.76,0.0,27.07,,,,,,,,,,,,,,,,,479.73,,2.0,6.0,45.0,80.0,0.0,0.0,0.0,0.0,0.0,
2025-03-18,59,34,7,0,133,0.22,3.19,33,44.36,25.56,5.26,0.0,24.81,,,,,,,,,,,,,,,,,471.55,,2.0,11.0,48.0,72.0,0.0,0.0,0.0,0.0,0.0,
2025-03-19,52,32,5,0,133,1.43,3.19,44,39.1,24.06,3.76,0.0,33.08,,,,,,,,,,,,,,,,,477.86,,6.0,12.0,51.0,64.0,0.0,0.0,0.0,0.0,0.0,
2025-03-20,35,34,4,0,133,2.34,2.3,60,26.32,25.56,3.01,0.0,45.11,,,,,,,,,,,,,,,,,476.24,,6.0,16.0,64.0,47.0,0.0,0.0,0.0,0.0,0.0,
2025-03-21,35,33,5,0,133,2.19,1.73,60,26.32,24.81,3.76,0.0,45.11,,,,,,,,,,,,,,,,,477.81,,4.0,19.0,66.0,44.0,0.0,0.0,0.0,0.0,0.0,
2025-03-24,25,38,12,0,133,2.21,4.72,58,18.8,28.57,9.02,0.0,43.61,,,,,,,,,,,,,,,,,488.3,,4.0,18.0,69.0,42.0,0.0,0.0,0.0,0.0,0.0,
2025-03-25,22,40,14,0,133,2.13,4.9,57,16.54,30.08,10.53,0.0,42.86,,,,,,,,,,,,,,,,,491.08,,3.0,15.0,75.0,40.0,0.0,0.0,0.0,0.0,0.0,
2025-03-26,23,47,8,0,133,1.89,3.74,55,17.29,35.34,6.02,0.0,41.35,,,,,,,,,,,,,,,,,482.05,,4.0,9.0,79.0,41.0,0.0,0.0,0.0,0.0,0.0,
2025-03-27,23,42,9,0,133,2.0,2.98,59,17.29,31.58,6.77,0.0,44.36,,,,,,,,,,,,,,,,,479.3,,3.0,11.0,77.0,42.0,0.0,0.0,0.0,0.0,0.0,
2025-03-28,24,35,6,0,133,1.41,1.32,68,18.05,26.32,4.51,0.0,51.13,,,,,,,,,,,,,,,,,466.68,,1.0,15.0,72.0,45.0,0.0,0.0,0.0,0.0,0.0,
2025-03-31,26,39,5,0,133,0.52,0.93,63,19.55,29.32,3.76,0.0,47.37,,,,,,,,,,,,,,,,,466.66,,1.0,12.0,74.0,46.0,0.0,0.0,0.0,0.0,0.0,
2025-04-01,33,37,7,0,133,0.09,1.5,56,24.81,27.82,5.26,0.0,42.11,,,,,,,,,,,,,,,,,470.42,,4.0,7.0,67.0,55.0,0.0,0.0,0.0,0.0,0.0,
2025-04-02,42,24,7,0,133,-0.48,2.16,60,31.58,18.05,5.26,0.0,45.11,,,,,,,,,,,,,,,,,473.86,,4.0,9.0,40.0,80.0,0.0,0.0,0.0,0.0,0.0,
2025-04-03,49,11,8,0,133,-1.35,-0.25,65,36.84,8.27,6.02,0.0,48.87,,,,,,,,,,,,,,,,,448.49,,3.0,10.0,37.0,83.0,0.0,0.0,0.0,0.0,0.0,
2025-04-04,68,8,2,0,133,-2.46,-4.56,55,51.13,6.02,1.5,0.0,41.35,,,,,,,,,,,,,,,,,420.63,,4.0,3.0,28.0,98.0,0.0,0.0,0.0,0.0,0.0,
2025-04-07,99,5,1,0,133,-4.14,-8.15,28,74.44,3.76,0.75,0.0,21.05,,,,,,,,,,,,,,,,,421.65,,1.0,4.0,14.0,114.0,0.0,0.0,0.0,0.0,0.0,
2025-04-08,110,6,1,0,133,-5.89,-9.49,16,82.71,4.51,0.75,0.0,12.03,,,,,,,,,,,,,,,,,414.06,,0.0,1.0,7.0,125.0,0.0,0.0,0.0,0.0,0.0,
2025-04-09,93,6,1,0,133,-6.47,-4.52,33,69.92,4.51,0.75,0.0,24.81,,,,,,,,,,,,,,,,,463.76,,0.0,1.0,7.0,125.0,0.0,0.0,0.0,0.0,0.0,
2025-04-10,93,3,1,0,133,-6.6,-5.02,36,69.92,2.26,0.75,0.0,27.07,,,,,,,,,,,,,,,,,444.03,,0.0,0.0,4.0,129.0,0.0,0.0,0.0,0.0,0.0,
2025-04-11,80,1,2,0,133,-5.98,-2.6,50,60.15,0.75,1.5,0.0,37.59,,,,,,,,,,,,,,,,,452.21,,0.0,0.0,5.0,128.0,0.0,0.0,0.0,0.0,0.0,
2025-04-14,74,4,3,0,133,-4.98,-1.57,52,55.64,3.01,2.26,0.0,39.1,,,,,,,,,,,,,,,,,455.28,,0.0,0.0,12.0,121.0,0.0,0.0,0.0,0.0,0.0,
2025-04-15,71,5,1,0,133,-4.24,-1.86,56,53.38,3.76,0.75,0.0,42.11,,,,,,,,,,,,,,,,,455.78,,0.0,1.0,15.0,117.0,0.0,0.0,0.0,0.0,0.0,
2025-04-16,78,9,2,1,133,-3.67,-3.83,43,58.65,6.77,1.5,0.75,32.33,,,,,,,,,,,,,,,,,442.04,,0.0,4.0,20.0,109.0,0.0,0.0,0.0,0.0,0.0,
2025-04-17,74,19,4,1,133,-2.9,-2.97,35,55.64,14.29,3.01,0.75,26.32,,,,,,,,,,,,,,,,,441.96,,1.0,5.0,30.0,97.0,0.0,0.0,0.0,0.0,0.0,
2025-04-18,77,30,1,1,133,-1.72,-4.67,24,57.89,22.56,0.75,0.75,18.05,77.0,10.0,0.0,0.0,5.0,30.0,1.0,0.0,0.0,3.0,1.0,0.0,0.0,3.0,2.0,1.0,444.1000061035156,526.4099731445312,,,,,0.0,0.0,0.0,0.0,0.0,
2025-04-21,72,23,2,1,133,-1.93,-4.25,35,54.14,17.29,1.5,0.75,26.32,,,,,,,,,,,,,,,,,431.02,,4.0,5.0,35.0,89.0,0.0,0.0,0.0,0.0,0.0,
2025-04-22,69,26,1,1,133,-1.12,-4.2,36,51.88,19.55,0.75,0.75,27.07,,,,,,,,,,,,,,,,,442.34,,5.0,5.0,42.0,81.0,0.0,0.0,0.0,0.0,0.0,
2025-04-23,59,27,1,1,133,0.15,-3.21,45,44.36,20.3,0.75,0.75,33.83,,,,,,,,,,,,,,,,,452.37,,4.0,11.0,45.0,73.0,0.0,0.0,0.0,0.0,0.0,
2025-04-24,55,29,1,1,133,1.02,-2.27,47,41.35,21.8,0.75,0.75,35.34,,,,,,,,,,,,,,,,,465.1,,5.0,15.0,48.0,65.0,0.0,0.0,0.0,0.0,0.0,
2025-04-25,49,21,1,1,133,1.98,-1.84,61,36.84,15.79,0.75,0.75,45.86,,,,,,,,,,,,,,,,,470.28,,7.0,25.0,46.0,55.0,0.0,0.0,0.0,0.0,0.0,
2025-04-28,43,23,1,1,133,3.0,-1.09,65,32.33,17.29,0.75,0.75,48.87,,,,,,,,,,,,,,,,,470.13,,8.0,29.0,50.0,46.0,0.0,0.0,0.0,0.0,0.0,
2025-04-29,37,24,0,1,133,3.9,-0.55,71,27.82,18.05,0.0,0.75,53.38,,,,,,,,,,,,,,,,,473.24,,19.0,25.0,51.0,38.0,0.0,0.0,0.0,0.0,0.0,
2025-04-30,33,20,0,1,133,4.4,-1.05,79,24.81,15.04,0.0,0.75,59.4,,,,,,,,,,,,,,,,,473.18,,23.0,28.0,49.0,33.0,0.0,0.0,0.0,0.0,0.0,
2025-05-01,29,20,1,1,133,4.45,-1.7,82,21.8,15.04,0.75,0.75,61.65,,,,,,,,,,,,,,,,,479.36,,24.0,25.0,54.0,30.0,0.0,0.0,0.0,0.0,0.0,
2025-05-02,28,23,2,1,133,4.88,0.41,79,21.05,17.29,1.5,0.75,59.4,,,,,,,,,,,,,,,,,486.48,,26.0,22.0,57.0,28.0,0.0,0.0,0.0,0.0,0.0,
2025-05-05,13,24,1,1,133,5.18,0.83,94,9.77,18.05,0.75,0.75,70.68,,,,,,,,,,,,,,,,,483.59,,26.0,23.0,71.0,13.0,0.0,0.0,0.0,0.0,0.0,
2025-05-06,11,17,2,1,133,5.53,-0.11,102,8.27,12.78,1.5,0.75,76.69,,,,,,,,,,,,,,,,,479.09,,27.0,25.0,70.0,11.0,0.0,0.0,0.0,0.0,0.0,
2025-05-07,10,17,2,1,133,6.08,0.32,103,7.52,12.78,1.5,0.75,77.44,,,,,,,,,,,,,,,,,480.97,,35.0,19.0,69.0,10.0,0.0,0.0,0.0,0.0,0.0,
2025-05-08,8,17,1,1,133,6.16,0.32,106,6.02,12.78,0.75,0.75,79.7,,,,,,,,,,,,,,,,,485.94,,38.0,17.0,70.0,8.0,0.0,0.0,0.0,0.0,0.0,
2025-05-09,9,16,1,2,133,6.07,1.05,105,6.77,12.03,0.75,1.5,78.95,,,,,,,,,,,,,,,,,485.62,,27.0,29.0,68.0,9.0,0.0,0.0,0.0,0.0,0.0,
2025-05-12,9,21,1,1,133,6.11,1.66,101,6.77,15.79,0.75,0.75,75.94,,,,,,,,,,,,,,,,,505.4,,25.0,27.0,72.0,9.0,0.0,0.0,0.0,0.0,0.0,
2025-05-13,8,24,3,1,133,6.14,2.59,97,6.02,18.05,2.26,0.75,72.93,,,,,,,,,,,,,,,,,513.11,,24.0,28.0,73.0,8.0,0.0,0.0,0.0,0.0,0.0,
2025-05-14,8,20,2,1,133,6.04,2.72,102,6.02,15.04,1.5,0.75,76.69,,,,,,,,,,,,,,,,,516.18,,25.0,32.0,67.0,9.0,0.0,0.0,0.0,0.0,0.0,
2025-05-15,9,19,2,0,133,6.2,1.83,103,6.77,14.29,1.5,0.0,77.44,,,,,,,,,,,,,,,,,516.75,,32.0,26.0,65.0,10.0,0.0,0.0,0.0,0.0,0.0,
2025-05-16,10,15,1,0,133,6.19,1.96,107,7.52,11.28,0.75,0.0,80.45,,,,,,,,,,,,,,,,,519.0,,36.0,25.0,58.0,14.0,0.0,0.0,0.0,0.0,0.0,
2025-05-19,10,14,0,0,134,6.24,1.3,110,7.46,10.45,0.0,0.0,82.09,,,,,,,,,,,,,,,,,519.5,,34.0,28.0,58.0,14.0,0.0,0.0,0.0,0.0,0.0,
2025-05-20,12,14,0,0,134,6.32,1.59,108,8.96,10.45,0.0,0.0,80.6,,,,,,,,,,,,,,,,,517.76,,38.0,23.0,56.0,17.0,0.0,0.0,0.0,0.0,0.0,
2025-05-21,13,12,0,1,134,6.0,0.79,108,9.7,8.96,0.0,0.75,80.6,,,,,,,,,,,,,,,,,510.57,,33.0,29.0,55.0,17.0,0.0,0.0,0.0,0.0,0.0,
2025-05-22,17,15,1,0,134,5.28,1.16,101,12.69,11.19,0.75,0.0,75.37,,,,,,,,,,,,,,,,,511.52,,28.0,28.0,58.0,20.0,0.0,0.0,0.0,0.0,0.0,
2025-05-23,25,18,1,1,134,4.54,1.49,89,18.66,13.43,0.75,0.75,66.42,,,,,,,,,,,,,,,,,506.79,,22.0,29.0,56.0,27.0,0.0,0.0,0.0,0.0,0.0,
2025-05-26,26,10,0,1,134,6.56,3.55,97,19.4,7.46,0.0,0.75,72.39,26.0,1.0,0.0,0.0,28.0,10.0,0.0,0.0,2.0,20.0,1.0,0.0,1.0,30.0,14.0,1.0,509.239990234375,579.1099853515625,,,,,0.0,0.0,0.0,0.0,0.0,
2025-05-27,33,27,0,1,134,3.88,3.25,73,24.63,20.15,0.0,0.75,54.48,,,,,,,,,,,,,,,,,518.71,,22.0,29.0,47.0,36.0,0.0,0.0,0.0,0.0,0.0,
2025-05-28,37,29,2,3,134,3.47,2.92,63,27.61,21.64,1.49,2.24,47.01,,,,,,,,,,,,,,,,,516.41,,14.0,28.0,54.0,38.0,0.0,0.0,0.0,0.0,0.0,
2025-05-29,31,39,6,3,134,3.84,4.98,55,23.13,29.1,4.48,2.24,41.04,,,,,,,,,,,,,,,,,517.43,,15.0,27.0,60.0,32.0,0.0,0.0,0.0,0.0,0.0,
2025-05-30,26,33,7,4,134,3.94,4.13,64,19.4,24.63,5.22,2.99,47.76,,,,,,,,,,,,,,,,,516.61,,17.0,20.0,66.0,31.0,0.0,0.0,0.0,0.0,0.0,
2025-06-02,23,43,8,4,134,4.03,5.22,56,17.16,32.09,5.97,2.99,41.79,,,,,,,,,,,,,,,,,520.69,,16.0,19.0,69.0,30.0,0.0,0.0,0.0,0.0,0.0,
2025-06-03,18,51,8,4,134,4.2,5.78,53,13.43,38.06,5.97,2.99,39.55,,,,,,,,,,,,,,,,,524.76,,15.0,21.0,73.0,25.0,0.0,0.0,0.0,0.0,0.0,
2025-06-04,16,55,7,6,134,4.4,6.0,50,11.94,41.04,5.22,4.48,37.31,,,,,,,,,,,,,,,,,526.22,,15.0,21.0,75.0,23.0,0.0,0.0,0.0,0.0,0.0,
2025-06-05,12,58,6,5,134,4.78,7.12,53,8.96,43.28,4.48,3.73,39.55,,,,,,,,,,,,,,,,,522.26,,17.0,18.0,79.0,20.0,0.0,0.0,0.0,0.0,0.0,
2025-06-06,12,55,8,5,134,5.23,7.23,54,8.96,41.04,5.97,3.73,40.3,,,,,,,,,,,,,,,,,527.37,,17.0,23.0,76.0,18.0,0.0,0.0,0.0,0.0,0.0,
2025-06-09,8,52,8,8,134,5.91,9.56,58,5.97,38.81,5.97,5.97,43.28,,,,,,,,,,,,,,,,,528.14,,18.0,26.0,78.0,12.0,0.0,0.0,0.0,0.0,0.0,
2025-06-10,7,48,6,8,134,6.48,10.17,65,5.22,35.82,4.48,5.97,48.51,,,,,,,,,,,,,,,,,531.64,,24.0,32.0,68.0,10.0,0.0,0.0,0.0,0.0,0.0,
2025-06-11,5,49,6,7,134,6.85,10.43,67,3.73,36.57,4.48,5.22,50.0,,,,,,,,,,,,,,,,,529.85,,26.0,30.0,70.0,8.0,0.0,0.0,0.0,0.0,0.0,
2025-06-12,4,40,7,8,134,7.15,11.33,75,2.99,29.85,5.22,5.97,55.97,,,,,,,,,,,,,,,,,531.09,,32.0,32.0,64.0,6.0,0.0,0.0,0.0,0.0,0.0,
2025-06-13,6,44,6,6,134,6.93,8.99,72,4.48,32.84,4.48,4.48,53.73,,,,,,,,,,,,,,,,,524.42,,28.0,33.0,66.0,7.0,0.0,0.0,0.0,0.0,0.0,
2025-06-16,6,47,4,9,134,6.66,9.22,68,4.48,35.07,2.99,6.72,50.75,,,,,,,,,,,,,,,,,531.72,,26.0,33.0,66.0,9.0,0.0,0.0,0.0,0.0,0.0,
2025-06-17,5,50,5,8,134,5.81,8.95,66,3.73,37.31,3.73,5.97,49.25,,,,,,,,,,,,,,,,,526.53,,18.0,30.0,72.0,14.0,0.0,0.0,0.0,0.0,0.0,
2025-06-18,8,52,2,8,134,4.71,8.31,64,5.97,38.81,1.49,5.97,47.76,,,,,,,,,,,,,,,,,526.44,,17.0,22.0,73.0,22.0,0.0,0.0,0.0,0.0,0.0,
2025-06-19,13,33,4,9,134,6.6,7.97,75,9.7,24.63,2.99,6.72,55.97,13.0,8.0,0.0,0.0,7.0,33.0,4.0,0.0,3.0,21.0,1.0,2.0,3.0,25.0,7.0,7.0,528.989990234375,597.4400024414062,,,,,0.0,0.0,0.0,0.0,0.0,
2025-06-20,12,49,4,8,134,3.98,8.26,61,8.96,36.57,2.99,5.97,45.52,,,,,,,,,,,,,,,,,524.29,,13.0,22.0,65.0,34.0,0.0,0.0,0.0,0.0,0.0,
2025-06-23,11,48,5,7,134,3.44,9.19,63,8.21,35.82,3.73,5.22,47.01,,,,,,,,,,,,,,,,,529.68,,13.0,19.0,64.0,38.0,0.0,0.0,0.0,0.0,0.0,
2025-06-24,12,53,5,9,134,3.91,10.09,55,8.96,39.55,3.73,6.72,41.04,,,,,,,,,,,,,,,,,537.78,,12.0,21.0,67.0,34.0,0.0,0.0,0.0,0.0,0.0,
2025-06-25,12,41,4,9,134,4.41,9.94,68,8.96,30.6,2.99,6.72,50.75,,,,,,,,,,,,,,,,,539.16,,12.0,34.0,56.0,32.0,0.0,0.0,0.0,0.0,0.0,
2025-06-26,10,41,3,9,134,5.38,11.25,71,7.46,30.6,2.24,6.72,52.99,,,,,,,,,,,,,,,,,544.2,,18.0,36.0,57.0,23.0,0.0,0.0,0.0,0.0,0.0,
2025-06-27,10,42,3,8,134,6.07,11.55,71,7.46,31.34,2.24,5.97,52.99,,,,,,,,,,,,,,,,,546.06,,35.0,22.0,58.0,19.0,0.0,0.0,0.0,0.0,0.0,
2025-06-30,9,35,7,11,134,6.44,13.23,72,6.72,26.12,5.22,8.21,53.73,,,,,,,,,,,,,,,,,549.6,,34.0,28.0,56.0,16.0,0.0,0.0,0.0,0.0,0.0,
2025-07-01,4,33,7,8,134,6.79,13.93,82,2.99,24.63,5.22,5.97,61.19,,,,,,,,,,,,,,,,,544.97,,35.0,29.0,57.0,13.0,0.0,0.0,0.0,0.0,0.0,
2025-07-02,3,31,10,6,134,6.94,14.59,84,2.24,23.13,7.46,4.48,62.69,,,,,,,,,,,,,,,,,548.76,,33.0,33.0,58.0,10.0,0.0,0.0,0.0,0.0,0.0,
2025-07-03,3,26,14,2,134,7.22,15.37,89,2.24,19.4,10.45,1.49,66.42,,,,,,,,,,,,,,,,,554.16,,35.0,30.0,62.0,7.0,0.0,0.0,0.0,0.0,0.0,
2025-07-04,2,10,5,31,134,11.51,24.97,86,1.49,7.46,3.73,23.13,64.18,2.0,2.0,1.0,0.0,1.0,10.0,5.0,6.0,0.0,4.0,5.0,4.0,0.0,13.0,54.0,27.0,556.219970703125,625.3400268554688,,,,,0.0,0.0,0.0,0.0,0.0,
2025-07-07,3,28,14,5,134,7.18,16.9,84,2.24,20.9,10.45,3.73,62.69,,,,,,,,,,,,,,,,,549.99,,27.0,38.0,64.0,5.0,0.0,0.0,0.0,0.0,0.0,
2025-07-08,2,16,23,13,134,7.29,23.12,80,1.49,11.94,17.16,9.7,59.7,,,,,,,,,,,,,,,,,550.3,,31.0,35.0,63.0,5.0,0.0,0.0,0.0,0.0,0.0,
2025-07-09,2,21,23,22,134,7.2,25.97,66,1.49,15.67,17.16,16.42,49.25,,,,,,,,,,,,,,,,,554.19,,27.0,39.0,62.0,6.0,0.0,0.0,0.0,0.0,0.0,
2025-07-10,2,15,20,27,134,7.21,30.7,70,1.49,11.19,14.93,20.15,52.24,,,,,,,,,,,,,,,,,553.4,,29.0,40.0,58.0,7.0,0.0,0.0,0.0,0.0,0.0,
2025-07-11,3,22,11,14,134,7.12,22.59,84,2.24,16.42,8.21,10.45,62.69,,,,,,,,,,,,,,,,,552.15,,16.0,55.0,54.0,9.0,0.0,0.0,0.0,0.0,0.0,
2025-07-14,1,18,17,21,134,7.13,26.09,77,0.75,13.43,12.69,15.67,57.46,,,,,,,,,,,,,,,,,554.15,,19.0,53.0,55.0,7.0,0.0,0.0,0.0,0.0,0.0,
2025-07-15,3,23,16,12,134,6.54,21.89,80,2.24,17.16,11.94,8.96,59.7,,,,,,,,,,,,,,,,,554.66,,15.0,51.0,56.0,12.0,0.0,0.0,0.0,0.0,0.0,
2025-07-16,5,42,16,9,134,5.91,21.12,62,3.73,31.34,11.94,6.72,46.27,,,,,,,,,,,,,,,,,555.23,,17.0,25.0,77.0,15.0,0.0,0.0,0.0,0.0,0.0,
2025-07-17,5,37,22,12,134,5.48,21.47,58,3.73,27.61,16.42,8.96,43.28,,,,,,,,,,,,,,,,,559.72,,21.0,21.0,76.0,16.0,0.0,0.0,0.0,0.0,0.0,
2025-07-18,4,34,22,10,134,4.94,22.18,64,2.99,25.37,16.42,7.46,47.76,,,,,,,,,,,,,,,,,559.18,,21.0,14.0,79.0,20.0,0.0,0.0,0.0,0.0,0.0,
2025-07-21,5,36,20,10,134,5.13,22.57,63,3.73,26.87,14.93,7.46,47.01,,,,,,,,,,,,,,,,,562.08,,19.0,16.0,82.0,17.0,0.0,0.0,0.0,0.0,0.0,
2025-07-22,2,32,27,10,134,5.43,23.05,63,1.49,23.88,20.15,7.46,47.01,,,,,,,,,,,,,,,,,559.17,,21.0,13.0,85.0,15.0,0.0,0.0,0.0,0.0,0.0,
2025-07-23,2,37,19,9,134,5.82,21.92,67,1.49,27.61,14.18,6.72,50.0,,,,,,,,,,,,,,,,,561.72,,23.0,19.0,81.0,11.0,0.0,0.0,0.0,0.0,0.0,
2025-07-24,3,37,18,7,134,6.04,20.71,69,2.24,27.61,13.43,5.22,51.49,,,,,,,,,,,,,,,,,562.92,,22.0,23.0,78.0,11.0,0.0,0.0,0.0,0.0,0.0,
2025-07-25,4,28,12,8,134,6.26,19.48,82,2.99,20.9,8.96,5.97,61.19,,,,,,,,,,,,,,,,,564.27,,20.0,40.0,59.0,15.0,0.0,0.0,0.0,0.0,0.0,
2025-07-28,4,38,14,8,134,6.06,18.16,70,2.99,28.36,10.45,5.97,52.24,,,,,,,,,,,,,,,,,566.04,,17.0,36.0,67.0,14.0,0.0,0.0,0.0,0.0,0.0,
2025-07-29,4,44,13,8,134,5.78,17.79,65,2.99,32.84,9.7,5.97,48.51,,,,,,,,,,,,,,,,,565.16,,13.0,35.0,73.0,13.0,0.0,0.0,0.0,0.0,0.0,
2025-07-30,5,51,13,8,134,5.24,16.4,57,3.73,38.06,9.7,5.97,42.54,,,,,,,,,,,,,,,,,565.92,,9.0,29.0,81.0,15.0,0.0,0.0,0.0,0.0,0.0,
2025-07-31,7,48,14,7,134,3.98,16.05,58,5.22,35.82,10.45,5.22,43.28,,,,,,,,,,,,,,,,,562.92,,6.0,28.0,80.0,20.0,0.0,0.0,0.0,0.0,0.0,
2025-08-01,7,55,19,5,134,2.54,13.82,48,5.22,41.04,14.18,3.73,35.82,,,,,,,,,,,,,,,,,551.83,,3.0,13.0,85.0,33.0,0.0,0.0,0.0,0.0,0.0,
2025-08-04,10,38,24,3,134,1.5,13.86,59,7.46,28.36,17.91,2.24,44.03,,,,,,,,,,,,,,,,,562.01,,3.0,8.0,74.0,49.0,0.0,0.0,0.0,0.0,0.0,
2025-08-05,9,32,19,3,134,0.95,14.3,71,6.72,23.88,14.18,2.24,52.99,,,,,,,,,,,,,,,,,558.2,,3.0,8.0,63.0,60.0,0.0,0.0,0.0,0.0,0.0,
2025-08-06,9,33,17,2,134,1.05,14.87,73,6.72,24.63,12.69,1.49,54.48,,,,,,,,,,,,,,,,,565.22,,6.0,4.0,65.0,59.0,0.0,0.0,0.0,0.0,0.0,
2025-08-07,7,38,20,4,134,1.84,14.95,65,5.22,28.36,14.93,2.99,48.51,,,,,,,,,,,,,,,,,567.13,,7.0,6.0,69.0,52.0,0.0,0.0,0.0,0.0,0.0,
2025-08-08,5,36,20,3,134,2.38,14.64,70,3.73,26.87,14.93,2.24,52.24,,,,,,,,,,,,,,,,,572.42,,3.0,16.0,68.0,47.0,0.0,0.0,0.0,0.0,0.0,
2025-08-11,7,38,18,3,134,2.86,13.85,68,5.22,28.36,13.43,2.24,50.75,,,,,,,,,,,,,,,,,570.73,,6.0,19.0,67.0,42.0,0.0,0.0,0.0,0.0,0.0,
2025-08-12,8,38,18,3,134,3.47,12.96,67,5.97,28.36,13.43,2.24,50.0,,,,,,,,,,,,,,,,,577.9,,13.0,15.0,68.0,38.0,0.0,0.0,0.0,0.0,0.0,
2025-08-13,7,49,17,2,134,4.31,12.67,59,5.22,36.57,12.69,1.49,44.03,,,,,,,,,,,,,,,,,578.19,,15.0,16.0,76.0,27.0,0.0,0.0,0.0,0.0,0.0,
2025-08-14,4,43,13,1,134,4.84,12.58,73,2.99,32.09,9.7,0.75,54.48,,,,,,,,,,,,,,,,,577.74,,11.0,31.0,66.0,26.0,0.0,0.0,0.0,0.0,0.0,
2025-08-15,4,38,13,2,134,5.5,12.37,77,2.99,28.36,9.7,1.49,57.46,,,,,,,,,,,,,,,,,575.2,,16.0,35.0,60.0,23.0,0.0,0.0,0.0,0.0,0.0,
2025-08-18,8,41,8,3,134,5.69,11.57,74,5.97,30.6,5.97,2.24,55.22,,,,,,,,,,,,,,,,,574.97,,31.0,24.0,56.0,23.0,0.0,0.0,0.0,0.0,0.0,
2025-08-19,7,40,13,2,134,5.44,10.92,72,5.22,29.85,9.7,1.49,53.73,,,,,,,,,,,,,,,,,567.17,,18.0,33.0,57.0,26.0,0.0,0.0,0.0,0.0,0.0,
2025-08-20,4,45,9,2,134,4.97,10.48,74,2.99,33.58,6.72,1.49,55.22,,,,,,,,,,,,,,,,,563.81,,14.0,33.0,61.0,26.0,0.0,0.0,0.0,0.0,0.0,
2025-08-21,4,44,7,2,134,4.48,11.12,77,2.99,32.84,5.22,1.49,57.46,,,,,,,,,,,,,,,,,561.2,,9.0,36.0,56.0,33.0,0.0,0.0,0.0,0.0,0.0,
2025-08-22,2,39,10,3,134,4.44,13.27,80,1.49,29.1,7.46,2.24,59.7,,,,,,,,,,,,,,,,,569.85,,12.0,34.0,54.0,34.0,0.0,0.0,0.0,0.0,0.0,
2025-08-25,2,31,6,2,134,4.73,13.0,93,1.49,23.13,4.48,1.49,69.4,,,,,,,,,,,,,,,,,568.21,,7.0,46.0,43.0,38.0,0.0,0.0,0.0,0.0,0.0,
2025-08-26,2,28,10,2,134,5.28,11.67,92,1.49,20.9,7.46,1.49,68.66,,,,,,,,,,,,,,,,,570.49,,9.0,51.0,46.0,28.0,0.0,0.0,0.0,0.0,0.0,
2025-08-27,2,34,13,1,134,5.68,12.18,84,1.49,25.37,9.7,0.75,62.69,,,,,,,,,,,,,,,,,571.37,,21.0,38.0,55.0,20.0,0.0,0.0,0.0,0.0,0.0,
2025-08-28,3,39,12,1,134,5.76,12.04,79,2.24,29.1,8.96,0.75,58.96,,,,,,,,,,,,,,,,,574.95,,23.0,36.0,60.0,15.0,0.0,0.0,0.0,0.0,0.0,
2025-08-29,5,43,14,2,134,5.43,11.34,70,3.73,32.09,10.45,1.49,52.24,,,,,,,,,,,,,,,,,568.29,,16.0,35.0,65.0,18.0,0.0,0.0,0.0,0.0,0.0,
2025-09-01,8,35,8,3,134,7.89,9.23,80,5.97,26.12,5.97,2.24,59.7,8.0,7.0,3.0,0.0,3.0,35.0,8.0,0.0,0.0,14.0,0.0,1.0,0.0,48.0,5.0,2.0,570.4000244140625,645.0499877929688,,,,,0.0,0.0,0.0,0.0,0.0,
2025-09-02,7,50,8,3,134,4.76,10.42,66,5.22,37.31,5.97,2.24,49.25,,,,,,,,,,,,,,,,,563.53,,10.0,32.0,63.0,29.0,0.0,0.0,0.0,0.0,0.0,
2025-09-03,8,55,9,2,134,4.47,9.68,60,5.97,41.04,6.72,1.49,44.78,,,,,,,,,,,,,,,,,567.96,,7.0,31.0,70.0,26.0,0.0,0.0,0.0,0.0,0.0,
2025-09-04,8,59,7,0,134,4.13,9.47,60,5.97,44.03,5.22,0.0,44.78,,,,,,,,,,,,,,,,,573.1,,7.0,27.0,72.0,28.0,0.0,0.0,0.0,0.0,0.0,
2025-09-05,11,60,11,2,134,4.31,9.88,50,8.21,44.78,8.21,1.49,37.31,,,,,,,,,,,,,,,,,573.93,,8.0,25.0,77.0,24.0,0.0,0.0,0.0,0.0,0.0,
2025-09-08,11,61,11,1,134,4.8,9.43,50,8.21,45.52,8.21,0.75,37.31,,,,,,,,,,,,,,,,,576.73,,9.0,27.0,78.0,20.0,0.0,0.0,0.0,0.0,0.0,
2025-09-09,10,59,8,1,134,5.52,8.88,56,7.46,44.03,5.97,0.75,41.79,,,,,,,,,,,,,,,,,578.36,,17.0,26.0,74.0,17.0,0.0,0.0,0.0,0.0,0.0,
2025-09-10,9,43,7,0,134,6.24,9.05,75,6.72,32.09,5.22,0.0,55.97,,,,,,,,,,,,,,,,,578.55,,22.0,42.0,55.0,15.0,0.0,0.0,0.0,0.0,0.0,
2025-09-11,5,38,10,1,134,7.01,10.32,80,3.73,28.36,7.46,0.75,59.7,,,,,,,,,,,,,,,,,581.92,,35.0,35.0,54.0,10.0,0.0,0.0,0.0,0.0,0.0,
2025-09-12,5,25,7,1,134,7.67,10.04,96,3.73,18.66,5.22,0.75,71.64,,,,,,,,,,,,,,,,,584.49,,50.0,34.0,40.0,10.0,0.0,0.0,0.0,0.0,0.0,
2025-09-15,3,24,6,1,134,8.07,11.59,100,2.24,17.91,4.48,0.75,74.63,,,,,,,,,,,,,,,,,589.49,,57.0,32.0,37.0,8.0,0.0,0.0,0.0,0.0,0.0,
2025-09-16,5,24,4,1,134,8.43,10.83,100,3.73,17.91,2.99,0.75,74.63,,,,,,,,,,,,,,,,,588.99,,71.0,23.0,33.0,7.0,0.0,0.0,0.0,0.0,0.0,
2025-09-17,3,22,4,1,134,8.5,11.43,104,2.24,16.42,2.99,0.75,77.61,,,,,,,,,,,,,,,,,587.82,,72.0,22.0,32.0,8.0,0.0,0.0,0.0,0.0,0.0,
2025-09-18,3,19,4,2,134,8.45,11.78,106,2.24,14.18,2.99,1.49,79.1,,,,,,,,,,,,,,,,,593.12,,62.0,34.0,30.0,8.0,0.0,0.0,0.0,0.0,0.0,
2025-09-19,2,21,5,1,134,8.29,12.25,105,1.49,15.67,3.73,0.75,78.36,,,,,,,,,,,,,,,,,597.13,,57.0,36.0,32.0,9.0,0.0,0.0,0.0,0.0,0.0,
2025-09-22,3,21,6,1,134,7.9,11.47,103,2.24,15.67,4.48,0.75,76.87,,,,,,,,,,,,,,,,,600.67,,49.0,39.0,35.0,11.0,0.0,0.0,0.0,0.0,0.0,
2025-09-23,4,24,5,1,134,7.58,10.06,100,2.99,17.91,3.73,0.75,74.63,,,,,,,,,,,,,,,,,596.68,,47.0,40.0,34.0,13.0,0.0,0.0,0.0,0.0,0.0,
2025-09-24,3,24,6,1,134,7.21,10.11,100,2.24,17.91,4.48,0.75,74.63,,,,,,,,,,,,,,,,,594.58,,42.0,41.0,35.0,16.0,0.0,0.0,0.0,0.0,0.0,
2025-09-25,8,32,5,2,134,6.35,8.81,87,5.97,23.88,3.73,1.49,64.93,,,,,,,,,,,,,,,,,592.02,,19.0,53.0,42.0,20.0,0.0,0.0,0.0,0.0,0.0,
2025-09-26,8,41,2,2,134,5.65,8.65,81,5.97,30.6,1.49,1.49,60.45,,,,,,,,,,,,,,,,,594.45,,16.0,45.0,48.0,25.0,0.0,0.0,0.0,0.0,0.0,
2025-09-29,8,56,3,2,134,5.01,8.97,65,5.97,41.79,2.24,1.49,48.51,,,,,,,,,,,,,,,,,597.21,,13.0,31.0,65.0,25.0,0.0,0.0,0.0,0.0,0.0,
2025-09-30,9,55,4,3,134,4.75,9.51,63,6.72,41.04,2.99,2.24,47.01,,,,,,,,,,,,,,,,,598.84,,12.0,32.0,64.0,26.0,0.0,0.0,0.0,0.0,0.0,
2025-10-01,9,63,5,3,134,5.19,9.3,54,6.72,47.01,3.73,2.24,40.3,,,,,,,,,,,,,,,,,601.72,,16.0,26.0,74.0,18.0,0.0,0.0,0.0,0.0,0.0,
2025-10-02,8,59,8,3,134,5.82,10.07,56,5.97,44.03,5.97,2.24,41.79,,,,,,,,,,,,,,,,,604.19,,20.0,27.0,71.0,16.0,0.0,0.0,0.0,0.0,0.0,
2025-10-03,6,45,9,4,134,6.37,11.23,70,4.48,33.58,6.72,2.99,52.24,,,,,,,,,,,,,,,,,601.65,,37.0,25.0,59.0,13.0,0.0,0.0,0.0,0.0,0.0,
2025-10-06,6,41,10,4,134,6.69,11.29,73,4.48,30.6,7.46,2.99,54.48,,,,,,,,,,,,,,,,,606.16,,41.0,23.0,55.0,15.0,0.0,0.0,0.0,0.0,0.0,
2025-10-07,7,39,9,5,134,6.7,10.23,74,5.22,29.1,6.72,3.73,55.22,,,,,,,,,,,,,,,,,602.97,,36.0,31.0,52.0,15.0,0.0,0.0,0.0,0.0,0.0,
2025-10-08,8,38,9,5,134,6.66,10.4,74,5.97,28.36,6.72,3.73,55.22,,,,,,,,,,,,,,,,,609.88,,36.0,33.0,51.0,14.0,0.0,0.0,0.0,0.0,0.0,
2025-10-09,9,41,7,4,134,6.28,10.15,73,6.72,30.6,5.22,2.99,54.48,,,,,,,,,,,,,,,,,609.15,,25.0,40.0,53.0,16.0,0.0,0.0,0.0,0.0,0.0,
2025-10-10,14,58,6,8,134,5.06,8.12,48,10.45,43.28,4.48,5.97,35.82,,,,,,,,,,,,,,,,,588.0,,6.0,37.0,72.0,19.0,0.0,0.0,0.0,0.0,0.0,
2025-10-13,12,58,8,8,134,4.22,9.68,48,8.96,43.28,5.97,5.97,35.82,,,,,,,,,,,,,,,,,600.48,,7.0,29.0,72.0,26.0,0.0,0.0,0.0,0.0,0.0,
2025-10-14,12,51,13,6,134,3.29,8.83,52,8.96,38.06,9.7,4.48,38.81,,,,,,,,,,,,,,,,,596.48,,8.0,18.0,72.0,36.0,0.0,0.0,0.0,0.0,0.0,
2025-10-15,16,38,13,6,134,2.72,9.21,61,11.94,28.36,9.7,4.48,45.52,,,,,,,,,,,,,,,,,600.69,,16.0,10.0,56.0,52.0,0.0,0.0,0.0,0.0,0.0,
2025-10-16,16,41,11,7,134,3.06,9.11,59,11.94,30.6,8.21,5.22,44.03,,,,,,,,,,,,,,,,,598.46,,17.0,11.0,59.0,47.0,0.0,0.0,0.0,0.0,0.0,
2025-10-17,13,42,9,4,134,3.25,8.42,66,9.7,31.34,6.72,2.99,49.25,,,,,,,,,,,,,,,,,602.39,,15.0,12.0,62.0,45.0,0.0,0.0,0.0,0.0,0.0,
2025-10-20,11,52,8,3,134,3.74,9.17,60,8.21,38.81,5.97,2.24,44.78,,,,,,,,,,,,,,,,,609.98,,15.0,15.0,67.0,37.0,0.0,0.0,0.0,0.0,0.0,
2025-10-21,11,53,7,2,134,4.23,8.28,61,8.21,39.55,5.22,1.49,45.52,,,,,,,,,,,,,,,,,609.82,,18.0,17.0,70.0,29.0,0.0,0.0,0.0,0.0,0.0,
2025-10-22,12,57,10,4,134,4.44,8.17,51,8.96,42.54,7.46,2.99,38.06,,,,,,,,,,,,,,,,,603.95,,15.0,20.0,73.0,26.0,0.0,0.0,0.0,0.0,0.0,
2025-10-23,9,60,11,3,134,5.07,8.68,51,6.72,44.78,8.21,2.24,38.06,,,,,,,,,,,,,,,,,609.03,,20.0,15.0,80.0,19.0,0.0,0.0,0.0,0.0,0.0,
2025-10-24,4,62,14,5,134,5.67,10.02,49,2.99,46.27,10.45,3.73,36.57,,,,,,,,,,,,,,,,,615.53,,21.0,17.0,86.0,10.0,0.0,0.0,0.0,0.0,0.0,
2025-10-27,3,58,17,9,134,6.34,11.45,47,2.24,43.28,12.69,6.72,35.07,,,,,,,,,,,,,,,,,626.49,,20.0,23.0,84.0,7.0,0.0,0.0,0.0,0.0,0.0,
2025-10-28,2,42,16,8,134,7.21,11.64,66,1.49,31.34,11.94,5.97,49.25,,,,,,,,,,,,,,,,,631.31,,22.0,43.0,65.0,4.0,0.0,0.0,0.0,0.0,0.0,
2025-10-29,4,32,15,10,134,7.36,12.42,73,2.99,23.88,11.19,7.46,54.48,,,,,,,,,,,,,,,,,634.15,,25.0,45.0,56.0,8.0,0.0,0.0,0.0,0.0,0.0,
2025-10-30,5,36,10,11,134,7.09,12.44,72,3.73,26.87,7.46,8.21,53.73,,,,,,,,,,,,,,,,,624.46,,37.0,31.0,55.0,11.0,0.0,0.0,0.0,0.0,0.0,
2025-10-31,8,41,9,10,134,6.5,11.67,66,5.97,30.6,6.72,7.46,49.25,,,,,,,,,,,,,,,,,627.47,,32.0,33.0,54.0,15.0,0.0,0.0,0.0,0.0,0.0,
2025-11-03,9,44,11,13,134,5.69,11.97,57,6.72,32.84,8.21,9.7,42.54,,,,,,,,,,,,,,,,,630.47,,24.0,34.0,57.0,19.0,0.0,0.0,0.0,0.0,0.0,
2025-11-04,9,37,8,13,134,4.69,10.13,67,6.72,27.61,5.97,9.7,50.0,,,,,,,,,,,,,,,,,617.67,,18.0,38.0,50.0,28.0,0.0,0.0,0.0,0.0,0.0,
2025-11-05,10,37,8,9,134,3.75,9.69,70,7.46,27.61,5.97,6.72,52.24,,,,,,,,,,,,,,,,,621.69,,4.0,38.0,50.0,42.0,0.0,0.0,0.0,0.0,0.0,
2025-11-06,13,35,11,7,134,2.71,9.73,68,9.7,26.12,8.21,5.22,50.75,,,,,,,,,,,,,,,,,610.11,,5.0,24.0,55.0,50.0,0.0,0.0,0.0,0.0,0.0,
2025-11-07,14,37,14,1,134,1.97,9.27,68,10.45,27.61,10.45,0.75,50.75,,,,,,,,,,,,,,,,,608.19,,5.0,9.0,66.0,54.0,0.0,0.0,0.0,0.0,0.0,
2025-11-10,19,37,19,1,134,1.9,9.6,58,14.18,27.61,14.18,0.75,43.28,,,,,,,,,,,,,,,,,621.64,,8.0,5.0,67.0,54.0,0.0,0.0,0.0,0.0,0.0,
2025-11-11,19,44,18,1,134,2.26,9.02,52,14.18,32.84,13.43,0.75,38.81,,,,,,,,,,,,,,,,,619.99,,9.0,7.0,74.0,44.0,0.0,0.0,0.0,0.0,0.0,
2025-11-12,14,50,18,2,134,3.03,9.96,50,10.45,37.31,13.43,1.49,37.31,,,,,,,,,,,,,,,,,619.5,,10.0,12.0,81.0,31.0,0.0,0.0,0.0,0.0,0.0,
2025-11-13,15,35,15,1,134,3.63,8.89,68,11.19,26.12,11.19,0.75,50.75,,,,,,,,,,,,,,,,,606.85,,13.0,23.0,66.0,32.0,0.0,0.0,0.0,0.0,0.0,
2025-11-14,17,35,16,1,134,3.81,7.76,65,12.69,26.12,11.94,0.75,48.51,,,,,,,,,,,,,,,,,607.31,,20.0,18.0,63.0,33.0,0.0,0.0,0.0,0.0,0.0,
2025-11-17,19,40,14,2,134,2.87,7.9,59,14.18,29.85,10.45,1.49,44.03,,,,,,,,,,,,,,,,,602.12,,6.0,15.0,72.0,41.0,0.0,0.0,0.0,0.0,0.0,
2025-11-18,23,40,14,1,134,1.72,6.42,56,17.16,29.85,10.45,0.75,41.79,,,,,,,,,,,,,,,,,594.79,,5.0,12.0,65.0,52.0,0.0,0.0,0.0,0.0,0.0,
2025-11-19,24,34,14,1,134,0.61,6.43,61,17.91,25.37,10.45,0.75,45.52,,,,,,,,,,,,,,,,,598.34,,2.0,8.0,56.0,68.0,0.0,0.0,0.0,0.0,0.0,
2025-11-20,40,20,11,1,134,-0.5,4.62,62,29.85,14.93,8.21,0.75,46.27,,,,,,,,,,,,,,,,,584.18,,1.0,7.0,44.0,82.0,0.0,0.0,0.0,0.0,0.0,
2025-11-21,32,23,11,1,134,-0.82,5.09,67,23.88,17.16,8.21,0.75,50.0,,,,,,,,,,,,,,,,,588.57,,1.0,6.0,42.0,85.0,0.0,0.0,0.0,0.0,0.0,
2025-11-24,26,19,7,2,134,-1.02,6.03,80,19.4,14.18,5.22,1.49,59.7,,,,,,,,,,,,,,,,,603.62,,1.0,7.0,36.0,90.0,0.0,0.0,0.0,0.0,0.0,
2025-11-25,20,24,1,2,134,-0.75,6.65,87,14.93,17.91,0.75,1.49,64.93,,,,,,,,,,,,,,,,,607.34,,2.0,8.0,31.0,93.0,0.0,0.0,0.0,0.0,0.0,
2025-11-26,17,23,0,2,134,0.13,7.68,92,12.69,17.16,0.0,1.49,68.66,,,,,,,,,,,,,,,,,612.71,,4.0,9.0,31.0,90.0,0.0,0.0,0.0,0.0,0.0,
2025-11-27,14,43,9,1,138,1.51,8.54,71,10.14,31.16,6.52,0.72,51.45,14.0,32.0,9.0,2.0,5.0,43.0,9.0,5.0,0.0,5.0,3.0,0.0,0.0,7.0,3.0,1.0,614.27001953125,679.6799926757812,,,,,0.0,0.0,0.0,0.0,0.0,
2025-11-28,13,46,7,2,134,1.85,8.47,66,9.7,34.33,5.22,1.49,49.25,,,,,,,,,,,,,,,,,617.67,,6.0,14.0,63.0,51.0,0.0,0.0,0.0,0.0,0.0,
2025-12-01,11,51,7,2,134,3.26,8.23,63,8.21,38.06,5.22,1.49,47.01,,,,,,,,,,,,,,,,,615.6,,9.0,20.0,69.0,36.0,0.0,0.0,0.0,0.0,0.0,
2025-12-02,6,45,7,3,134,4.49,8.58,73,4.48,33.58,5.22,2.24,54.48,,,,,,,,,,,,,,,,,620.42,,12.0,32.0,64.0,26.0,0.0,0.0,0.0,0.0,0.0,
2025-12-03,6,35,13,4,134,5.49,9.13,76,4.48,26.12,9.7,2.99,56.72,,,,,,,,,,,,,,,,,621.93,,24.0,27.0,66.0,17.0,0.0,0.0,0.0,0.0,0.0,
2025-12-04,6,32,11,2,134,5.82,9.07,83,4.48,23.88,8.21,1.49,61.94,,,,,,,,,,,,,,,,,621.35,,22.0,35.0,60.0,17.0,0.0,0.0,0.0,0.0,0.0,
2025-12-05,5,27,11,4,134,6.52,9.07,87,3.73,20.15,8.21,2.99,64.93,,,,,,,,,,,,,,,,,623.89,,25.0,41.0,58.0,10.0,0.0,0.0,0.0,0.0,0.0,
2025-12-08,5,21,10,5,134,7.03,9.07,93,3.73,15.67,7.46,3.73,69.4,,,,,,,,,,,,,,,,,622.69,,35.0,40.0,51.0,8.0,0.0,0.0,0.0,0.0,0.0,
2025-12-09,10,21,6,5,134,7.16,8.77,92,7.46,15.67,4.48,3.73,68.66,,,,,,,,,,,,,,,,,623.46,,36.0,41.0,44.0,13.0,0.0,0.0,0.0,0.0,0.0,
2025-12-10,9,16,4,7,134,7.31,8.42,98,6.72,11.94,2.99,5.22,73.13,,,,,,,,,,,,,,,,,626.01,,36.0,51.0,34.0,13.0,0.0,0.0,0.0,0.0,0.0,
2025-12-11,10,15,5,9,134,7.12,8.57,95,7.46,11.19,3.73,6.72,70.9,,,,,,,,,,,,,,,,,623.99,,40.0,44.0,34.0,16.0,0.0,0.0,0.0,0.0,0.0,
2025-12-12,13,19,3,8,134,6.88,7.34,91,9.7,14.18,2.24,5.97,67.91,,,,,,,,,,,,,,,,,612.06,,28.0,55.0,34.0,17.0,0.0,0.0,0.0,0.0,0.0,
2025-12-15,11,16,2,5,134,6.69,6.4,100,8.21,11.94,1.49,3.73,74.63,,,,,,,,,,,,,,,,,608.99,,32.0,50.0,34.0,18.0,0.0,0.0,0.0,0.0,0.0,
2025-12-16,10,29,5,1,134,6.09,5.46,89,7.46,21.64,3.73,0.75,66.42,,,,,,,,,,,,,,,,,610.19,,29.0,33.0,55.0,17.0,0.0,0.0,0.0,0.0,0.0,
2025-12-17,19,32,7,1,134,5.04,4.5,75,14.18,23.88,5.22,0.75,55.97,,,,,,,,,,,,,,,,,598.88,,16.0,37.0,52.0,29.0,0.0,0.0,0.0,0.0,0.0,
2025-12-18,16,42,10,1,134,4.06,4.27,65,11.94,31.34,7.46,0.75,48.51,,,,,,,,,,,,,,,,,607.56,,13.0,25.0,64.0,32.0,0.0,0.0,0.0,0.0,0.0,
2025-12-19,12,48,11,1,134,3.52,4.97,62,8.96,35.82,8.21,0.75,46.27,,,,,,,,,,,,,,,,,615.48,,13.0,15.0,69.0,37.0,0.0,0.0,0.0,0.0,0.0,
2025-12-22,17,55,8,1,134,3.84,6.38,53,12.69,41.04,5.97,0.75,39.55,,,,,,,,,,,,,,,,,618.43,,12.0,17.0,75.0,30.0,0.0,0.0,0.0,0.0,0.0,
2025-12-23,13,52,10,1,134,4.79,6.75,58,9.7,38.81,7.46,0.75,43.28,,,,,,,,,,,,,,,,,621.33,,12.0,27.0,70.0,25.0,0.0,0.0,0.0,0.0,0.0,
2025-12-24,12,34,10,2,134,5.75,7.18,76,8.96,25.37,7.46,1.49,56.72,,,,,,,,,,,,,,,,,623.14,,25.0,36.0,51.0,22.0,0.0,0.0,0.0,0.0,0.0,
2025-12-26,11,32,8,1,134,6.36,6.57,82,8.21,23.88,5.97,0.75,61.19,,,,,,,,,,,,,,,,,623.1,,45.0,21.0,47.0,21.0,0.0,0.0,0.0,0.0,0.0,
2025-12-29,12,33,6,1,134,6.44,5.88,82,8.96,24.63,4.48,0.75,61.19,,,,,,,,,,,,,,,,,620.09,,43.0,24.0,45.0,22.0,0.0,0.0,0.0,0.0,0.0,
2025-12-30,9,32,5,2,134,6.26,5.65,86,6.72,23.88,3.73,1.49,64.18,,,,,,,,,,,,,,,,,618.65,,31.0,38.0,45.0,20.0,0.0,0.0,0.0,0.0,0.0,
2025-12-31,11,35,7,1,134,5.76,4.52,80,8.21,26.12,5.22,0.75,59.7,,,,,,,,,,,,,,,,,613.54,,13.0,49.0,53.0,19.0,0.0,0.0,0.0,0.0,0.0,
2026-01-02,11,44,7,3,134,5.64,5.83,69,8.21,32.84,5.22,2.24,51.49,,,,,,,,,,,,,,,,,612.35,,16.0,36.0,63.0,19.0,0.0,0.0,0.0,0.0,0.0,
2026-01-05,12,46,10,4,134,5.89,7.35,62,8.96,34.33,7.46,2.99,46.27,,,,,,,,,,,,,,,,,617.21,,16.0,34.0,68.0,16.0,0.0,0.0,0.0,0.0,0.0,
2026-01-06,8,39,8,5,134,6.54,7.7,74,5.97,29.1,5.97,3.73,55.22,,,,,,,,,,,,,,,,,622.63,,15.0,49.0,59.0,11.0,0.0,0.0,0.0,0.0,0.0,
2026-01-07,7,20,6,7,134,7.46,7.68,94,5.22,14.93,4.48,5.22,70.15,,,,,,,,,,,,,,,,,623.23,,32.0,54.0,38.0,10.0,0.0,0.0,0.0,0.0,0.0,
2026-01-08,5,18,5,6,134,7.99,6.88,100,3.73,13.43,3.73,4.48,74.63,,,,,,,,,,,,,,,,,619.69,,52.0,38.0,36.0,8.0,0.0,0.0,0.0,0.0,0.0,
2026-01-09,5,24,3,7,134,8.14,7.64,95,3.73,17.91,2.24,5.22,70.9,,,,,,,,,,,,,,,,,625.86,,71.0,17.0,39.0,7.0,0.0,0.0,0.0,0.0,0.0,
2026-01-12,7,24,4,8,134,8.03,10.38,91,5.22,17.91,2.99,5.97,67.91,,,,,,,,,,,,,,,,,626.38,,69.0,19.0,36.0,10.0,0.0,0.0,0.0,0.0,0.0,
2026-01-13,6,21,8,7,134,8.08,9.38,92,4.48,15.67,5.97,5.22,68.66,,,,,,,,,,,,,,,,,625.45,,63.0,24.0,38.0,9.0,0.0,0.0,0.0,0.0,0.0,
2026-01-14,5,22,4,9,134,8.25,10.04,94,3.73,16.42,2.99,6.72,70.15,,,,,,,,,,,,,,,,,618.77,,65.0,26.0,36.0,7.0,0.0,0.0,0.0,0.0,0.0,
2026-01-15,3,22,4,9,134,8.44,9.33,96,2.24,16.42,2.99,6.72,71.64,,,,,,,,,,,,,,,,,621.0,,64.0,27.0,39.0,4.0,0.0,0.0,0.0,0.0,0.0,
2026-01-16,3,23,2,8,134,8.44,9.4,98,2.24,17.16,1.49,5.97,73.13,,,,,,,,,,,,,,,,,620.48,,63.0,27.0,38.0,6.0,0.0,0.0,0.0,0.0,0.0,
2026-01-19,7,7,0,8,138,11.78,8.83,116,5.07,5.07,0.0,5.8,84.06,7.0,1.0,1.0,0.0,7.0,7.0,0.0,0.0,8.0,11.0,0.0,0.0,3.0,67.0,18.0,8.0,621.260009765625,691.6599731445312,,,,,0.0,0.0,0.0,0.0,0.0,
2026-01-20,5,23,2,8,134,7.83,9.03,96,3.73,17.16,1.49,5.97,71.64,,,,,,,,,,,,,,,,,607.29,,39.0,44.0,43.0,8.0,0.0,0.0,0.0,0.0,0.0,
2026-01-21,8,29,2,8,134,7.26,8.89,87,5.97,21.64,1.49,5.97,64.93,,,,,,,,,,,,,,,,,615.5,,37.0,38.0,48.0,11.0,0.0,0.0,0.0,0.0,0.0,
2026-01-22,8,43,0,9,134,6.8,9.94,74,5.97,32.09,0.0,6.72,55.22,,,,,,,,,,,,,,,,,619.98,,32.0,33.0,58.0,11.0,0.0,0.0,0.0,0.0,0.0,
2026-01-23,8,41,0,11,134,6.62,11.06,74,5.97,30.6,0.0,8.21,55.22,,,,,,,,,,,,,,,,,621.94,,29.0,39.0,53.0,13.0,0.0,0.0,0.0,0.0,0.0,
2026-01-26,9,39,2,9,134,6.83,10.35,75,6.72,29.1,1.49,6.72,55.97,,,,,,,,,,,,,,,,,624.67,,36.0,33.0,51.0,14.0,0.0,0.0,0.0,0.0,0.0,
2026-01-27,7,40,3,9,134,7.08,10.6,75,5.22,29.85,2.24,6.72,55.97,,,,,,,,,,,,,,,,,630.34,,42.0,28.0,53.0,11.0,0.0,0.0,0.0,0.0,0.0,
2026-01-28,11,36,2,11,134,7.16,10.83,74,8.21,26.87,1.49,8.21,55.22,,,,,,,,,,,,,,,,,632.42,,44.0,24.0,53.0,13.0,0.0,0.0,0.0,0.0,0.0,
2026-01-29,9,39,3,11,134,7.09,11.02,72,6.72,29.1,2.24,8.21,53.73,,,,,,,,,,,,,,,,,628.64,,46.0,23.0,53.0,12.0,0.0,0.0,0.0,0.0,0.0,
2026-01-30,11,39,2,9,134,6.65,9.23,73,8.21,29.1,1.49,6.72,54.48,,,,,,,,,,,,,,,,,621.09,,24.0,44.0,51.0,15.0,0.0,0.0,0.0,0.0,0.0,
2026-02-02,12,42,4,2,134,5.85,8.17,74,8.96,31.34,2.99,1.49,55.22,,,,,,,,,,,,,,,,,625.35,,11.0,46.0,60.0,17.0,0.0,0.0,0.0,0.0,0.0,
2026-02-03,10,57,10,8,134,5.32,9.27,49,7.46,42.54,7.46,5.97,36.57,,,,,,,,,,,,,,,,,615.74,,10.0,26.0,84.0,14.0,0.0,0.0,0.0,0.0,0.0,
2026-02-04,13,55,14,4,134,4.62,9.65,48,9.7,41.04,10.45,2.99,35.82,,,,,,,,,,,,,,,,,604.99,,9.0,20.0,88.0,17.0,0.0,0.0,0.0,0.0,0.0,
2026-02-05,13,64,16,2,134,4.08,9.4,39,9.7,47.76,11.94,1.49,29.1,,,,,,,,,,,,,,,,,596.28,,6.0,14.0,99.0,15.0,0.0,0.0,0.0,0.0,0.0,
2026-02-06,14,64,14,2,134,4.13,10.14,40,10.45,47.76,10.45,1.49,29.85,,,,,,,,,,,,,,,,,608.88,,7.0,13.0,95.0,19.0,0.0,0.0,0.0,0.0,0.0,
2026-02-09,12,56,22,2,134,4.42,13.34,42,8.96,41.79,16.42,1.49,31.34,,,,,,,,,,,,,,,,,613.55,,7.0,15.0,95.0,17.0,0.0,0.0,0.0,0.0,0.0,
2026-02-10,11,34,20,1,134,4.77,12.31,68,8.21,25.37,14.93,0.75,50.75,,,,,,,,,,,,,,,,,610.7,,9.0,33.0,69.0,23.0,0.0,0.0,0.0,0.0,0.0,
2026-02-11,14,29,18,2,134,5.54,11.87,71,10.45,21.64,13.43,1.49,52.99,,,,,,,,,,,,,,,,,612.34,,19.0,31.0,61.0,23.0,0.0,0.0,0.0,0.0,0.0,
2026-02-12,14,27,16,2,134,5.85,10.65,75,10.45,20.15,11.94,1.49,55.97,,,,,,,,,,,,,,,,,599.88,,37.0,17.0,56.0,24.0,0.0,0.0,0.0,0.0,0.0,
2026-02-13,15,24,15,3,134,5.71,10.4,77,11.19,17.91,11.19,2.24,57.46,,,,,,,,,,,,,,,,,601.16,,33.0,25.0,49.0,27.0,0.0,0.0,0.0,0.0,0.0,
2026-02-17,14,27,15,3,134,5.56,11.48,75,10.45,20.15,11.19,2.24,55.97,,,,,,,,,,,,,,,,,600.54,,28.0,26.0,55.0,25.0,0.0,0.0,0.0,0.0,0.0,
2026-02-18,13,25,16,3,134,5.42,12.08,77,9.7,18.66,11.94,2.24,57.46,,,,,,,,,,,,,,,,,605.03,,24.0,29.0,54.0,27.0,0.0,0.0,0.0,0.0,0.0,
2026-02-19,12,22,24,4,134,5.26,14.69,72,8.96,16.42,17.91,2.99,53.73,,,,,,,,,,,,,,,,,602.71,,18.0,28.0,61.0,27.0,0.0,0.0,0.0,0.0,0.0,
2026-02-20,10,26,26,6,134,5.75,15.88,66,7.46,19.4,19.4,4.48,49.25,,,,,,,,,,,,,,,,,608.04,,18.0,32.0,66.0,18.0,0.0,0.0,0.0,0.0,0.0,
2026-02-23,11,20,19,6,134,5.88,16.4,78,8.21,14.93,14.18,4.48,58.21,,,,,,,,,,,,,,,,,600.65,,17.0,45.0,54.0,18.0,0.0,0.0,0.0,0.0,0.0,
2026-02-24,7,17,22,11,134,6.03,18.83,77,5.22,12.69,16.42,8.21,57.46,,,,,,,,,,,,,,,,,607.1,,15.0,47.0,54.0,18.0,0.0,0.0,0.0,0.0,0.0,
2026-02-25,9,25,17,21,134,6.57,18.7,62,6.72,18.66,12.69,15.67,46.27,,,,,,,,,,,,,,,,,615.9,,34.0,37.0,46.0,17.0,0.0,0.0,0.0,0.0,0.0,
2026-02-26,11,22,15,19,134,6.47,19.27,67,8.21,16.42,11.19,14.18,50.0,,,,,,,,,,,,,,,,,608.47,,32.0,41.0,44.0,17.0,0.0,0.0,0.0,0.0,0.0,
2026-02-27,10,19,15,18,134,6.68,18.5,72,7.46,14.18,11.19,13.43,53.73,,,,,,,,,,,,,,,,,606.53,,38.0,36.0,44.0,16.0,0.0,0.0,0.0,0.0,0.0,
2026-03-02,9,25,15,18,134,6.41,17.19,67,6.72,18.66,11.19,13.43,50.0,,,,,,,,,,,,,,,,,607.32,,25.0,44.0,53.0,12.0,0.0,0.0,0.0,0.0,0.0,
2026-03-03,12,42,6,14,134,5.16,12.8,60,8.96,31.34,4.48,10.45,44.78,,,,,,,,,,,,,,,,,600.82,,6.0,41.0,65.0,22.0,0.0,0.0,0.0,0.0,0.0,
2026-03-04,12,55,20,9,134,3.54,10.0,38,8.96,41.04,14.93,6.72,28.36,,,,,,,,,,,,,,,,,609.98,,2.0,19.0,88.0,25.0,0.0,0.0,0.0,0.0,0.0,
2026-03-05,16,44,12,3,134,2.05,10.79,59,11.94,32.84,8.96,2.24,44.03,,,,,,,,,,,,,,,,,608.14,,3.0,12.0,72.0,47.0,0.0,0.0,0.0,0.0,0.0,
2026-03-06,23,31,8,1,134,0.79,9.9,71,17.16,23.13,5.97,0.75,52.99,,,,,,,,,,,,,,,,,598.99,,4.0,8.0,63.0,59.0,0.0,0.0,0.0,0.0,0.0,
2026-03-09,26,25,5,1,134,0.21,9.36,77,19.4,18.66,3.73,0.75,57.46,,,,,,,,,,,,,,,,,606.99,,2.0,7.0,48.0,77.0,0.0,0.0,0.0,0.0,0.0,
2026-03-10,23,24,8,3,134,-0.0,9.93,76,17.16,17.91,5.97,2.24,56.72,,,,,,,,,,,,,,,,,607.0,,2.0,7.0,51.0,74.0,0.0,0.0,0.0,0.0,0.0,
2026-03-11,22,16,8,3,134,-0.21,9.98,85,16.42,11.94,5.97,2.24,63.43,,,,,,,,,,,,,,,,,606.92,,2.0,7.0,45.0,80.0,0.0,0.0,0.0,0.0,0.0,
2026-03-12,27,14,7,2,134,-0.65,8.69,84,20.15,10.45,5.22,1.49,62.69,,,,,,,,,,,,,,,,,596.51,,2.0,3.0,41.0,88.0,0.0,0.0,0.0,0.0,0.0,
2026-03-13,36,13,7,1,134,-0.99,6.79,77,26.87,9.7,5.22,0.75,57.46,,,,,,,,,,,,,,,,,592.97,,2.0,3.0,36.0,93.0,0.0,0.0,0.0,0.0,0.0,
2026-03-16,41,10,9,0,134,-1.28,7.34,74,30.6,7.46,6.72,0.0,55.22,,,,,,,,,,,,,,,,,599.62,,1.0,3.0,34.0,96.0,0.0,0.0,0.0,0.0,0.0,
2026-03-17,32,7,8,1,134,-1.4,8.83,86,23.88,5.22,5.97,0.75,64.18,,,,,,,,,,,,,,,,,602.55,,2.0,2.0,32.0,98.0,0.0,0.0,0.0,0.0,0.0,
2026-03-18,42,7,9,2,134,-1.33,8.7,74,31.34,5.22,6.72,1.49,55.22,,,,,,,,,,,,,,,,,594.15,,2.0,1.0,33.0,98.0,0.0,0.0,0.0,0.0,0.0,
2026-03-19,38,9,9,2,134,-1.13,8.47,76,28.36,6.72,6.72,1.49,56.72,,,,,,,,,,,,,,,,,592.27,,2.0,1.0,37.0,94.0,0.0,0.0,0.0,0.0,0.0,
2026-03-20,52,9,9,2,134,-1.28,6.94,62,38.81,6.72,6.72,1.49,46.27,,,,,,,,,,,,,,,,,581.33,,2.0,1.0,34.0,97.0,0.0,0.0,0.0,0.0,0.0,
2026-03-23,49,10,7,1,134,-1.69,6.46,67,36.57,7.46,5.22,0.75,50.0,,,,,,,,,,,,,,,,,588.0,,2.0,1.0,31.0,100.0,0.0,0.0,0.0,0.0,0.0,
2026-03-24,53,8,4,1,134,-2.13,6.47,68,39.55,5.97,2.99,0.75,50.75,,,,,,,,,,,,,,,,,583.98,,2.0,1.0,27.0,104.0,0.0,0.0,0.0,0.0,0.0,
2026-03-25,50,7,5,1,134,-2.21,7.35,71,37.31,5.22,3.73,0.75,52.99,,,,,,,,,,,,,,,,,587.82,,2.0,0.0,23.0,109.0,0.0,0.0,0.0,0.0,0.0,
2026-03-26,61,14,3,1,134,-2.26,5.45,55,45.52,10.45,2.24,0.75,41.04,,,,,,,,,,,,,,,,,573.79,,2.0,0.0,27.0,105.0,0.0,0.0,0.0,0.0,0.0,
2026-03-27,61,14,6,1,134,-2.25,4.1,52,45.52,10.45,4.48,0.75,38.81,,,,,,,,,,,,,,,,,562.58,,2.0,0.0,36.0,96.0,0.0,0.0,0.0,0.0,0.0,
2026-03-29,71,13,4,2,138,-4.26,3.54,48,51.45,9.42,2.9,1.45,34.78,,,,,,,,,,,,,,,,,,,,,,,0.0,0.0,0.0,0.0,0.0,
2026-03-30,65,13,6,1,134,-2.31,2.3,49,48.51,9.7,4.48,0.75,36.57,,,,,,,,,,,,,,,,,558.28,,2.0,1.0,34.0,97.0,0.0,0.0,0.0,0.0,0.0,
2026-03-31,47,17,5,1,134,-2.12,4.21,64,35.07,12.69,3.73,0.75,47.76,,,,,,,,,,,,,,,,,577.18,,2.0,1.0,29.0,102.0,0.0,0.0,0.0,0.0,0.0,
2026-04-01,39,29,6,1,134,-1.35,6.68,59,29.1,21.64,4.48,0.75,44.03,,,,,,,,,,,,,,,,,584.31,,0.0,4.0,46.0,84.0,0.0,0.0,0.0,0.0,0.0,
2026-04-02,32,45,2,1,134,-0.32,6.11,54,23.88,33.58,1.49,0.75,40.3,,,,,,,,,,,,,,,,,584.98,,0.0,6.0,60.0,68.0,0.0,0.0,0.0,0.0,0.0,
2026-04-03,53,33,2,1,138,-1.27,2.52,49,38.41,23.91,1.45,0.72,35.51,,,,,,,,,,,,,,,,,,,,,,,0.0,0.0,0.0,0.0,0.0,
2026-04-04,53,33,2,1,138,-1.27,2.52,49,38.41,23.91,1.45,0.72,35.51,,,,,,,,,,,,,,,,,,,,,,,0.0,0.0,0.0,0.0,0.0,
2026-04-05,53,33,2,1,138,-1.27,2.52,49,38.41,23.91,1.45,0.72,35.51,,,,,,,,,,,,,,,,,,,,,,,0.0,0.0,0.0,0.0,0.0,
2026-04-06,28,49,10,0,134,1.7,5.84,47,20.9,36.57,7.46,0.0,35.07,,,,,,,,,,,,,,,,,588.5,,4.0,7.0,86.0,37.0,0.0,0.0,0.0,0.0,0.0,
2026-04-07,41,39,10,4,138,1.39,2.99,44,29.71,28.26,7.25,2.9,31.88,,,,,,,,,,,,,,,,,588.5,,9.0,8.0,72.0,49.0,0.0,0.0,0.0,0.0,0.0,
2026-04-08,35,38,5,2,138,2.86,4.81,58,25.36,27.54,3.62,1.45,42.03,,,,,,,,,,,,,,,,,588.59,,11.0,13.0,72.0,42.0,0.0,0.0,0.0,0.0,0.0,
2026-04-09,21,34,2,6,138,4.75,6.17,75,15.22,24.64,1.45,4.35,54.35,,,,,,,,,,,,,,,,,606.09,,17.0,33.0,63.0,25.0,0.0,0.0,0.0,0.0,0.0,
2026-04-10,20,18,2,8,138,6.22,5.46,90,14.49,13.04,1.45,5.8,65.22,,,,,,,,,,,,,,,,,610.19,,27.0,40.0,48.0,23.0,0.0,0.0,0.0,0.0,0.0,
2026-04-11,19,10,3,8,138,6.6,5.43,98,13.77,7.25,2.17,5.8,71.01,,,,,,,,,,,,,,,,,611.07,,29.0,44.0,44.0,21.0,0.0,0.0,0.0,0.0,0.0,
2026-04-12,19,10,3,8,138,6.6,5.43,98,13.77,7.25,2.17,5.8,71.01,,,,,,,,,,,,,,,,,611.07,,29.0,44.0,44.0,21.0,0.0,0.0,0.0,0.0,0.0,
2026-04-13,11,7,2,7,138,7.89,4.31,111,7.97,5.07,1.45,5.07,80.43,,,,,,,,,,,,,,,,,611.07,,66.0,16.0,43.0,13.0,0.0,0.0,0.0,0.0,0.0,
2026-04-14,8,7,2,7,138,8.54,5.58,114,5.8,5.07,1.45,5.07,82.61,,,,,,,,,,,,,,,,,617.39,,70.0,17.0,40.0,11.0,0.0,0.0,0.0,0.0,0.0,
2026-04-15,4,8,2,9,138,9.66,6.42,115,2.9,5.8,1.45,6.52,83.33,,,,,,,,,,,,,,,,,628.6,,84.0,9.0,38.0,7.0,0.0,0.0,0.0,0.0,0.0,
2026-04-16,5,13,2,10,138,10.3,7.8,108,3.62,9.42,1.45,7.25,78.26,,,,,,,,,,,,,,,,,637.4,,89.0,10.0,33.0,6.0,0.0,0.0,0.0,0.0,0.0,
2026-04-17,5,8,2,9,138,10.68,7.53,114,3.62,5.8,1.45,6.52,82.61,,,,,,,,,,,,,,,,,640.47,,92.0,10.0,29.0,7.0,0.0,0.0,0.0,0.0,0.0,
2026-04-18,4,8,2,9,138,10.64,7.38,115,2.9,5.8,1.45,6.52,83.33,,,,,,,,,,,,,,,,,648.85,,92.0,9.0,31.0,6.0,0.0,0.0,0.0,0.0,0.0,
2026-04-19,4,8,2,9,138,10.64,7.38,115,2.9,5.8,1.45,6.52,83.33,,,,,,,,,,,,,,,,,648.85,,92.0,9.0,31.0,6.0,0.0,0.0,0.0,0.0,0.0,
2026-04-20,3,8,1,9,138,10.77,7.37,117,2.17,5.8,0.72,6.52,84.78,,,,,,,,,,,,,,,,,648.85,,92.0,10.0,31.0,5.0,0.0,0.0,0.0,0.0,0.0,
2026-04-21,3,8,1,10,138,10.88,7.4,116,2.17,5.8,0.72,7.25,84.06,,,,,,,,,,,,,,,,,646.79,,92.0,10.0,32.0,4.0,0.0,0.0,0.0,0.0,0.0,
2026-04-22,5,3,1,11,138,10.33,5.63,118,3.62,2.17,0.72,7.97,85.51,,,,,,,,,,,,,,,,,644.33,,82.0,19.0,31.0,6.0,0.0,0.0,0.0,0.0,0.0,
2026-04-23,7,4,1,12,138,9.69,5.73,114,5.07,2.9,0.72,8.7,82.61,,,,,,,,,,,,,,,,,655.11,,67.0,29.0,33.0,9.0,0.0,0.0,0.0,0.0,0.0,
2026-04-25,20,14,0,10,138,7.8,5.31,94,14.49,10.14,0.0,7.25,68.12,,,,,,,,,,,,,,,,,663.88,,56.0,21.0,41.0,20.0,0.0,0.0,0.0,0.0,0.0,
2026-04-26,20,14,0,10,138,7.8,5.31,94,14.49,10.14,0.0,7.25,68.12,,,,,,,,,,,,,,,,,663.88,,56.0,21.0,41.0,20.0,0.0,0.0,0.0,0.0,0.0,
2026-04-28,22,10,0,10,138,7.44,5.29,96,15.94,7.25,0.0,7.25,69.57,,,,,,,,,,,,,,,,,664.23,,53.0,23.0,40.0,22.0,0.0,0.0,0.0,0.0,0.0,
2026-04-29,26,21,0,9,138,6.58,5.11,82,18.84,15.22,0.0,6.52,59.42,,,,,,,,,,,,,,,,,657.55,,53.0,19.0,40.0,26.0,0.0,0.0,0.0,0.0,0.0,
2026-04-30,33,18,3,8,138,5.56,4.84,76,23.91,13.04,2.17,5.8,55.07,,,,,,,,,,,,,,,,,661.57,,45.0,19.0,41.0,33.0,0.0,0.0,0.0,0.0,0.0,
2026-05-01,31,25,3,9,138,5.79,5.89,70,22.46,18.12,2.17,6.52,50.72,,,,,,,,,,,,,,,,,667.74,,47.0,19.0,40.0,32.0,0.0,0.0,0.0,0.0,0.0,
2026-05-02,28,22,2,12,138,6.07,6.47,74,20.29,15.94,1.45,8.7,53.62,,,,,,,,,,,,,,,,,674.15,,52.0,15.0,41.0,30.0,0.0,0.0,0.0,0.0,0.0,
2026-05-05,30,22,7,19,138,6.14,9.6,60,21.74,15.94,5.07,13.77,43.48,,,,,,,,,,,,,,,,,672.88,,51.0,17.0,39.0,31.0,0.0,0.0,0.0,0.0,0.0,
2026-05-06,29,12,0,18,138,7.79,7.88,79,21.01,8.7,0.0,13.04,57.25,,,,,,,,,,,,,,,,,681.61,,58.0,26.0,25.0,29.0,0.0,0.0,0.0,0.0,0.0,
2026-05-08,25,12,0,18,138,8.32,8.06,83,18.12,8.7,0.0,13.04,60.14,,,,,,,,,,,,,,,,,694.94,,65.0,18.0,30.0,25.0,0.0,0.0,0.0,0.0,0.0,
2026-05-09,21,7,1,18,138,9.27,8.78,91,15.22,5.07,0.72,13.04,65.94,,,,,,,,,,,,,,,,,711.23,,74.0,19.0,23.0,22.0,0.0,0.0,0.0,0.0,0.0,
2026-05-12,16,5,3,22,138,9.38,11.04,92,11.59,3.62,2.17,15.94,66.67,,,,,,,,,,,,,,,,,713.29,,76.0,22.0,20.0,20.0,0.0,0.0,0.0,0.0,0.0,
2026-05-14,18,6,4,16,138,8.09,8.77,94,13.04,4.35,2.9,11.59,68.12,,,,,,,,,,,,,,,,,714.71,,68.0,18.0,32.0,20.0,0.0,0.0,0.0,0.0,0.0,
2026-05-15,22,9,4,15,138,7.54,8.39,88,15.94,6.52,2.9,10.87,63.77,,,,,,,,,,,,,,,,,719.79,,61.0,20.0,33.0,24.0,0.0,0.0,0.0,0.0,0.0,
2026-05-16,28,21,2,12,138,5.47,5.39,75,20.29,15.22,1.45,8.7,54.35,,,,,,,,,,,,,,,,,708.93,,47.0,13.0,46.0,32.0,0.0,0.0,0.0,0.0,0.0,
2026-05-19,38,17,1,8,138,3.47,2.95,74,27.54,12.32,0.72,5.8,53.62,,,,,,,,,,,,,,,,,705.88,,28.0,24.0,41.0,45.0,0.0,0.0,0.0,0.0,0.0,
2026-05-20,50,17,8,6,138,1.37,2.09,57,36.23,12.32,5.8,4.35,41.3,,,,,,,,,,,,,,,,,701.53,,7.0,27.0,40.0,64.0,4.2899,21.9,12.0,78.0,50.0,약세 확산
2026-05-21,49,21,9,6,138,0.68,2.69,53,35.51,15.22,6.52,4.35,38.41,,,,,,,,,,,,,,,,,713.15,,7.0,24.0,42.0,65.0,4.2826,21.9,10.0,76.0,49.0,약세 확산
2026-05-23,38,17,4,7,138,2.68,5.38,72,27.54,12.32,2.9,5.07,52.17,,,,,,,,,,,,,,,,,717.54,,20.0,22.0,47.0,49.0,5.087,27.2,13.0,70.0,38.0,약세 경계
2026-05-24,38,17,4,7,138,2.68,5.38,72,27.54,12.32,2.9,5.07,52.17,,,,,,,,,,,,,,,,,717.54,,20.0,22.0,47.0,49.0,5.087,27.2,13.0,70.0,38.0,약세 경계
2026-05-25,38,17,4,7,138,2.68,5.38,72,27.54,12.32,2.9,5.07,52.17,,,,,,,,,,,,,,,,,717.54,,20.0,22.0,47.0,49.0,5.087,27.2,13.0,70.0,38.0,약세 경계
2026-05-27,36,15,2,13,138,4.9,6.77,72,26.09,10.87,1.45,9.42,52.17,,,,,,,,,,,,,,,,,730.28,,43.0,21.0,32.0,42.0,6.3478,35.7,19.0,54.0,36.0,약세 경계
2026-05-28,30,14,1,13,138,6.36,6.06,80,21.74,10.14,0.72,9.42,57.97,,,,,,,,,,,,,,,,,729.45,,64.0,6.0,30.0,38.0,6.9638,39.8,20.0,52.0,30.0,약세 경계
2026-05-29,21,12,1,15,138,7.57,8.9,89,15.22,8.7,0.72,10.87,64.49,,,,,,,,,,,,,,,,,735.6,,67.0,11.0,31.0,29.0,7.5652,43.8,27.0,46.0,21.0,중립/선별
2026-05-30,23,11,1,15,138,7.5,8.78,88,16.67,7.97,0.72,10.87,63.77,,,,,,,,,,,,,,,,,738.31,,66.0,14.0,27.0,31.0,7.6159,44.1,27.0,45.0,23.0,중립/선별
2026-05-31,23,11,1,15,138,7.5,8.78,88,16.67,7.97,0.72,10.87,63.77,,,,,,,,,,,,,,,,,738.31,,66.0,14.0,27.0,31.0,7.6159,44.1,27.0,45.0,23.0,중립/선별
2026-06-03,25,15,2,16,138,6.18,10.36,80,18.12,10.87,1.45,11.59,57.97,,,,,,,,,,,,,,,,,746.16,,60.0,11.0,27.0,40.0,7.2971,42.0,28.0,49.0,25.0,중립/선별
2026-06-04,25,12,1,14,138,5.97,9.56,86,18.12,8.7,0.72,10.14,62.32,,,,,,,,,,,,,,,,,744.21,,56.0,16.0,26.0,40.0,7.1304,40.9,27.0,52.0,25.0,중립/선별
2026-06-06,32,25,0,12,137,3.7,7.38,68,23.36,18.25,0.0,8.76,49.64,,,,,,,,,,,,,,,,,705.06,,27.0,32.0,33.0,45.0,6.1971,34.6,19.0,52.0,32.0,약세 경계
2026-06-07,26,26,0,12,137,4.11,7.53,73,18.98,18.98,0.0,8.76,53.28,,,,,,,,,,,,,,,,,705.06,,27.0,33.0,38.0,39.0,6.3431,35.6,19.0,50.0,26.0,약세 경계
2026-06-08,34,22,1,10,137,3.54,4.49,70,24.82,16.06,0.73,7.3,51.09,,,,,,,,,,,,,,,,,705.06,,18.0,39.0,39.0,41.0,5.7956,32.0,16.0,56.0,34.0,약세 경계
2026-06-09,30,31,11,4,137,0.76,8.36,61,21.9,22.63,8.03,2.92,44.53,,,,,,,,,,,,,,,,,716.07,,6.0,20.0,56.0,55.0,4.8613,25.7,9.0,61.0,30.0,약세 경계
2026-06-10,23,20,7,1,85,-0.94,7.23,34,27.06,23.53,8.24,1.18,40.0,,,,,,,,,,,,,,,,,707.83,,1.0,7.0,35.0,42.0,4.1412,20.9,2.0,43.0,23.0,약세 확산
2026-06-11,38,25,5,0,137,-1.96,5.64,69,27.74,18.25,3.65,0.0,50.36,,,,,,,,,,,,,,,,,693.69,,5.0,2.0,41.0,89.0,3.4088,16.1,0.0,90.0,38.0,약세 확산
2026-06-12,26,31,11,0,137,0.28,9.31,69,18.98,22.63,8.03,0.0,50.36,,,,,,,,,,,,,,,,,717.12,,9.0,8.0,56.0,64.0,4.5401,23.6,3.0,65.0,26.0,약세 확산
2026-06-13,26,31,11,0,137,0.54,9.83,69,18.98,22.63,8.03,0.0,50.36,,,,,,,,,,,,,,,,,721.34,,10.0,9.0,57.0,61.0,4.6934,24.6,4.0,63.0,26.0,약세 확산
2026-06-14,26,31,11,0,137,0.54,9.83,69,18.98,22.63,8.03,0.0,50.36,,,,,,,,,,,,,,,,,721.34,,10.0,9.0,57.0,61.0,4.6934,24.6,4.0,63.0,26.0,약세 확산
2026-06-15,25,33,10,4,137,1.0,10.69,65,18.25,24.09,7.3,2.92,47.45,,,,,,,,,,,,,,,,,721.34,,10.0,13.0,57.0,57.0,4.9708,26.5,8.0,60.0,25.0,약세 경계
2026-06-16,23,30,17,6,133,2.74,12.49,57,17.29,22.56,12.78,4.51,42.86,,,,,,,,,,,,,,,,,744.0,,21.0,12.0,53.0,47.0,5.7444,31.6,17.0,49.0,23.0,약세 경계
2026-06-17,21,27,11,10,134,5.75,11.67,65,15.67,20.15,8.21,7.46,48.51,,,,,,,,,,,,,,,,,729.86,,41.0,16.0,41.0,36.0,6.8731,39.2,20.0,37.0,21.0,약세 경계
2026-06-18,24,29,6,11,135,5.76,10.22,65,17.78,21.48,4.44,8.15,48.15,,,,,,,,,,,,,,,,,722.51,,40.0,20.0,42.0,33.0,6.9185,39.5,23.0,39.0,24.0,약세 경계
2026-06-19,24,24,10,15,135,6.2,13.51,62,17.78,17.78,7.41,11.11,45.93,,,,,,,,,,,,,,,,,740.62,,47.0,17.0,39.0,32.0,7.4444,43.0,31.0,35.0,24.0,중립/선별
2026-06-20,24,24,10,15,135,6.2,13.51,62,17.78,17.78,7.41,11.11,45.93,,,,,,,,,,,,,,,,,740.62,,47.0,17.0,39.0,32.0,7.4444,43.0,31.0,35.0,24.0,중립/선별
2026-06-21,24,24,10,15,135,6.2,13.51,62,17.78,17.78,7.41,11.11,45.93,,,,,,,,,,,,,,,,,740.62,,47.0,17.0,39.0,32.0,7.4444,43.0,31.0,35.0,24.0,중립/선별
2026-06-22,25,36,10,14,135,4.96,12.47,50,18.52,26.67,7.41,10.37,37.04,,,,,,,,,,,,,,,,,740.62,,38.0,13.0,50.0,34.0,7.0148,40.1,28.0,36.0,25.0,중립/선별
2026-06-23,29,27,4,14,135,4.86,9.53,61,21.48,20.0,2.96,10.37,45.19,,,,,,,,,,,,,,,,,737.95,,46.0,14.0,38.0,37.0,7.0444,40.3,28.0,42.0,29.0,중립/선별
2026-06-24,31,18,9,12,135,2.67,11.18,65,22.96,13.33,6.67,8.89,48.15,,,,,,,,,,,,,,,,,713.65,,34.0,13.0,34.0,54.0,6.1556,34.4,24.0,56.0,31.0,약세 경계
2026-06-25,32,18,10,12,135,1.29,11.03,63,23.7,13.33,7.41,8.89,46.67,,,,,,,,,,,,,,,,,710.62,,24.0,14.0,34.0,63.0,5.5556,30.4,23.0,64.0,32.0,약세 경계
2026-06-26,32,14,9,10,135,1.25,11.86,70,23.7,10.37,6.67,7.41,51.85,,,,,,,,,,,,,,,,,716.38,,22.0,17.0,32.0,64.0,5.5852,30.6,25.0,65.0,32.0,약세 경계
2026-06-27,37,17,6,8,135,0.43,8.85,67,27.41,12.59,4.44,5.93,49.63,,,,,,,,,,,,,,,,,706.52,,22.0,13.0,31.0,69.0,5.1481,27.7,17.0,68.0,37.0,약세 경계
2026-06-28,37,17,6,8,135,0.44,8.86,67,27.41,12.59,4.44,5.93,49.63,,,,,,,,,,,,,,,,,706.52,,22.0,13.0,31.0,69.0,5.1481,27.7,17.0,68.0,37.0,약세 경계
2026-06-29,31,19,6,7,135,0.48,10.59,72,22.96,14.07,4.44,5.19,53.33,,,,,,,,,,,,,,,,,706.52,,21.0,12.0,34.0,68.0,5.1259,27.5,15.0,67.0,31.0,약세 경계
2026-06-30,35,14,4,7,135,-0.16,10.02,75,25.93,10.37,2.96,5.19,55.56,,,,,,,,,,,,,,,,,724.08,,20.0,11.0,28.0,76.0,4.7481,25.0,12.0,76.0,35.0,약세 경계
2026-07-01,32,23,7,7,135,1.45,11.04,66,23.7,17.04,5.19,5.19,48.89,,,,,,,,,,,,,,,,,736.4,,24.0,9.0,43.0,59.0,5.3926,29.3,14.0,61.0,32.0,약세 경계
2026-07-02,33,24,7,6,132,2.26,9.47,62,25.0,18.18,5.3,4.55,46.97,,,,,,,,,,,,,,,,,725.17,,21.0,14.0,44.0,53.0,5.447,29.6,13.0,55.0,33.0,약세 경계
2026-07-03,33,26,9,4,132,2.21,9.21,60,25.0,19.7,6.82,3.03,45.45,,,,,,,,,,,,,,,,,712.6,,22.0,11.0,46.0,53.0,5.3561,29.0,11.0,54.0,33.0,약세 경계
2026-07-04,33,26,9,4,132,2.21,9.21,60,25.0,19.7,6.82,3.03,45.45,,,,,,,,,,,,,,,,,712.6,,22.0,11.0,46.0,53.0,5.3561,29.0,11.0,54.0,33.0,약세 경계
2026-07-05,33,26,9,4,132,2.21,9.21,60,25.0,19.7,6.82,3.03,45.45,,,,,,,,,,,,,,,,,712.6,,22.0,11.0,46.0,53.0,5.3561,29.0,11.0,54.0,33.0,약세 경계
2026-07-06,40,22,10,1,132,2.41,6.71,59,30.3,16.67,7.58,0.76,44.7,,,,,,,,,,,,,,,,,712.6,,27.0,9.0,42.0,54.0,5.2424,28.3,6.0,52.0,40.0,약세 경계
2026-07-07,46,30,10,1,132,1.54,3.98,45,34.85,22.73,7.58,0.76,34.09,,,,,,,,,,,,,,,,,722.82,,21.0,7.0,46.0,58.0,4.8106,25.4,5.0,56.0,46.0,약세 경계
2026-07-08,44,22,6,1,132,1.58,3.16,59,33.33,16.67,4.55,0.76,44.7,,,,,,,,,,,,,,,,,709.43,,23.0,8.0,38.0,63.0,4.7273,24.8,7.0,65.0,44.0,약세 확산
2026-07-09,46,10,4,1,132,1.1,1.53,71,34.85,7.58,3.03,0.76,53.79,,,,,,,,,,,,,,,,,711.44,,24.0,12.0,28.0,68.0,4.4621,23.1,7.0,74.0,46.0,약세 확산
2026-07-10,41,13,6,1,132,1.7,1.76,71,31.06,9.85,4.55,0.76,53.79,,,,,,,,,,,,,,,,,723.28,,24.0,16.0,32.0,60.0,4.7727,25.2,5.0,65.0,41.0,약세 경계
2026-07-11,43,14,7,1,132,1.33,1.98,67,32.58,10.61,5.3,0.76,50.76,,,,,,,,,,,,,,,,,725.51,,19.0,16.0,32.0,65.0,4.5,23.3,3.0,69.0,43.0,약세 확산
2026-07-12,43,14,7,1,132,1.33,1.98,67,32.58,10.61,5.3,0.76,50.76,,,,,,,,,,,,,,,,,725.51,,19.0,16.0,32.0,65.0,4.5,23.3,3.0,69.0,43.0,약세 확산
2026-07-13,46,14,7,1,132,1.05,0.46,64,34.85,10.61,5.3,0.76,48.48,,,,,,,,,,,,,,,,,725.51,,19.0,15.0,33.0,65.0,4.4167,22.8,3.0,74.0,46.0,약세 확산
2026-07-14,42,21,5,1,132,0.63,-0.7,63,31.82,15.91,3.79,0.76,47.73,,,,,,,,,,,,,,,,,711.74,,19.0,10.0,43.0,60.0,4.3485,22.3,2.0,75.0,42.0,약세 확산
2026-07-15,45,19,4,1,132,0.43,-1.34,63,34.09,14.39,3.03,0.76,47.73,,,,,,,,,,,,,,,,,711.74,,16.0,14.0,38.0,64.0,4.1515,21.0,2.0,77.0,45.0,약세 확산
2026-07-16,50,23,3,1,132,-0.37,-2.53,55,37.88,17.42,2.27,0.76,41.67,,,,,,,,,,,,,,,,,717.74,,15.0,7.0,41.0,69.0,3.8333,18.9,2.0,83.0,50.0,약세 확산
2026-07-17,53,17,0,1,132,-0.35,-2.7,61,40.15,12.88,0.0,0.76,46.21,,,,,,,,,,,,,,,,,705.94,,17.0,10.0,33.0,72.0,3.7955,18.6,2.0,87.0,53.0,약세 확산
2026-07-18,51,20,0,1,132,-0.49,-2.11,60,38.64,15.15,0.0,0.76,45.45,,,,,,,,,,,,,,,,,695.33,,15.0,14.0,32.0,71.0,3.8712,19.1,1.0,82.0,51.0,약세 확산
2026-07-19,51,20,0,1,132,-0.49,-2.11,60,38.64,15.15,0.0,0.76,45.45,,,,,,,,,,,,,,,,,695.33,,15.0,14.0,32.0,71.0,3.8712,19.1,1.0,82.0,51.0,약세 확산
2026-07-20,54,20,0,1,132,-0.68,-3.29,57,40.91,15.15,0.0,0.76,43.18,,,,,,,,,,,,,,,,,695.33,,13.0,16.0,32.0,71.0,3.7652,18.4,1.0,83.0,54.0,약세 확산
2026-07-21,54,24,1,0,132,-1.55,-4.23,53,40.91,18.18,0.76,0.0,40.15,,,,,,,,,,,,,,,,,696.06,,12.0,8.0,39.0,73.0,3.5076,16.7,0.0,86.0,54.0,약세 확산
2026-07-22,53,23,1,0,132,-1.54,-2.63,55,40.15,17.42,0.76,0.0,41.67,,,,,,,,,,,,,,,,,708.97,,12.0,5.0,37.0,78.0,3.4394,16.3,0.0,90.0,53.0,약세 확산
2026-07-23,52,29,0,0,132,-1.38,-2.6,51,39.39,21.97,0.0,0.0,38.64,,,,,,,,,,,,,,,,,705.35,,9.0,6.0,41.0,76.0,3.4167,16.1,0.0,87.0,52.0,약세 확산
2026-07-24,52,29,0,0,132,-0.8,-3.45,51,39.39,21.97,0.0,0.0,38.64,,,,,,,,,,,,,,,,,691.96,,9.0,8.0,42.0,73.0,3.5076,16.7,0.0,85.0,52.0,약세 확산
2026-07-25,52,29,0,0,132,-0.8,-3.45,51,39.39,21.97,0.0,0.0,38.64,,,,,,,,,,,,,,,,,684.23,,9.0,8.0,42.0,73.0,3.5076,16.7,0.0,85.0,52.0,약세 확산
2026-07-26,52,29,0,0,132,-0.8,-3.45,51,39.39,21.97,0.0,0.0,38.64,,,,,,,,,,,,,,,,,684.23,,9.0,8.0,42.0,73.0,3.5076,16.7,0.0,85.0,52.0,약세 확산
2026-07-27,52,25,0,0,132,-0.82,-4.05,55,39.39,18.94,0.0,0.0,41.67,,,,,,,,,,,,,,,,,684.23,,8.0,10.0,40.0,74.0,3.4242,16.2,0.0,88.0,52.0,약세 확산
2026-07-28,49,25,1,0,132,-0.27,-2.92,57,37.12,18.94,0.76,0.0,43.18,,,,,,,,,,,,,,,,,682.12,,12.0,9.0,36.0,75.0,3.5909,17.3,1.0,84.0,49.0,약세 확산
2026-07-29,62,16,1,0,132,-1.02,-6.7,53,46.97,12.12,0.76,0.0,40.15,,,,,,,,,,,,,,,,,675.49,,12.0,11.0,29.0,80.0,3.3561,15.7,1.0,91.0,62.0,약세 확산
2026-07-30,72,16,2,0,132,-1.58,-7.82,42,54.55,12.12,1.52,0.0,31.82,,,,,,,,,,,,,,,,,661.73,,15.0,9.0,29.0,79.0,3.4015,16.0,1.0,90.0,72.0,약세 확산
2026-07-31,60,12,2,0,132,-1.16,-4.72,58,45.45,9.09,1.52,0.0,43.94,,,,,,,,,,,,,,,,,683.55,,20.0,8.0,23.0,81.0,3.6364,17.6,2.0,90.0,60.0,약세 확산
2026-08-01,61,13,2,0,132,-1.23,-5.7,56,46.21,9.85,1.52,0.0,42.42,,,,,,,,,,,,,,,,,687.99,,16.0,12.0,25.0,79.0,3.5833,17.2,1.0,89.0,61.0,약세 확산
2026-08-02,61,13,2,0,132,-1.23,-5.7,56,46.21,9.85,1.52,0.0,42.42,,,,,,,,,,,,,,,,,687.99,,16.0,12.0,25.0,79.0,3.5833,17.2,1.0,89.0,61.0,약세 확산
2026-08-03,69,13,1,0,132,-0.78,-7.38,49,52.27,9.85,0.76,0.0,37.12,,,,,,,,,,,,,,,,,687.99,,15.0,12.0,26.0,79.0,3.4167,16.1,0.0,90.0,69.0,약세 확산
2026-08-04,69,13,1,0,132,-0.72,-7.4,49,52.27,9.85,0.76,0.0,37.12,,,,,,,,,,,,,,,,,700.07,,15.0,13.0,25.0,79.0,3.4318,16.2,0.0,89.0,69.0,약세 확산
2026-08-05,48,19,0,1,132,2.96,-3.89,64,36.36,14.39,0.0,0.76,48.48,,,,,,,,,,,,,,,,,723.85,,25.0,14.0,37.0,56.0,4.5076,23.4,4.0,74.0,48.0,약세 확산
2026-08-06,44,15,0,0,132,4.28,-4.77,73,33.33,11.36,0.0,0.0,55.3,,,,,,,,,,,,,,,,,717.3,,33.0,15.0,39.0,45.0,4.9621,26.4,4.0,69.0,44.0,약세 경계
2026-08-07,29,8,0,0,130,5.43,-5.53,93,22.31,6.15,0.0,0.0,71.54,,,,,,,,,,,,,,,,,714.65,,40.0,12.0,49.0,29.0,5.2846,28.6,4.0,70.0,29.0,약세 경계
2026-08-08,27,10,1,1,130,6.11,-3.92,91,20.77,7.69,0.77,0.77,70.0,,,,,,,,,,,,,,,,,723.03,,47.0,8.0,48.0,27.0,5.6769,31.2,4.0,64.0,27.0,약세 경계
2026-08-09,27,10,1,1,130,6.11,-3.92,91,20.77,7.69,0.77,0.77,70.0,,,,,,,,,,,,,,,,,723.03,,47.0,8.0,48.0,27.0,5.6769,31.2,4.0,64.0,27.0,약세 경계
2026-08-10,24,9,1,1,130,6.28,-3.56,95,18.46,6.92,0.77,0.77,73.08,,,,,,,,,,,,,,,,,723.03,,47.0,9.0,50.0,24.0,5.7385,31.6,4.0,64.0,24.0,약세 경계
