date,scenario,ticker,name,bucket,rank,target_weight,close,signal_sco,final_score,trend,mtype
2026-05-24,s1,SOXX,SOXX,us,1,0.125594,537.3300170898438,11.5,0.909088,,NASDAQ
2026-05-24,s3,SOXX,SOXX,us,1,0.133,537.3300170898438,11.5,0.909088,,NASDAQ
2026-05-24,s1,0048K0,중로봇,us,2,0.158311,12315.0,13.25,0.852678,,NASDAQ
2026-05-24,s3,0048K0,중로봇,us,2,0.114,12315.0,13.25,0.852678,,NASDAQ
2026-05-24,s1,XLK,XLK,us,3,0.105541,180.38999938964844,12.5,0.848805,,NASDAQ
2026-05-24,s3,XLK,XLK,us,3,0.095,180.38999938964844,12.5,0.848805,,NASDAQ
2026-05-24,s1,XLE,XLE,fixed,4,0.105541,59.4900016784668,11.5,0.669999,,FIXED
2026-05-24,s3,XLE,XLE,fixed,4,0.1,59.4900016784668,11.5,0.669999,,FIXED
2026-05-25,s1,SOXX,SOXX,us,1,0.125594,537.3300170898438,11.5,0.909088,,NASDAQ
2026-05-25,s3,SOXX,SOXX,us,1,0.1435,537.3300170898438,11.5,0.909088,,NASDAQ
2026-05-25,s1,0048K0,중로봇,us,2,0.158311,12315.0,13.25,0.852678,,NASDAQ
2026-05-25,s3,0048K0,중로봇,us,2,0.123,12315.0,13.25,0.852678,,NASDAQ
2026-05-25,s1,XLK,XLK,us,3,0.105541,180.38999938964844,12.5,0.848805,,NASDAQ
2026-05-25,s3,XLK,XLK,us,3,0.1025,180.38999938964844,12.5,0.848805,,NASDAQ
2026-05-25,s1,XLE,XLE,fixed,4,0.105541,59.4900016784668,11.5,0.669999,,FIXED
2026-05-25,s3,XLE,XLE,fixed,4,0.1,59.4900016784668,11.5,0.669999,,FIXED
2026-05-27,s1,SOXX,SOXX,us,1,0.311518,570.0900268554688,13.5,0.950893,,NASDAQ
2026-05-27,s3,SOXX,SOXX,us,1,0.154,570.0900268554688,13.5,0.950893,,NASDAQ
2026-05-27,s1,091160,반도체,kr,2,0.106806,162660.0,12.5,0.93125,,KOSPI
2026-05-27,s3,091160,반도체,kr,2,0.114,162660.0,12.5,0.93125,,KOSPI
2026-05-27,s1,SMH,SMH,us,3,0.222513,602.1400146484375,13.5,0.923256,,NASDAQ
2026-05-27,s3,SMH,SMH,us,3,0.11,602.1400146484375,13.5,0.923256,,NASDAQ
2026-05-27,s1,0048K0,중로봇,us,4,0.089005,12280.0,13.25,0.846737,,NASDAQ
2026-05-27,s3,0048K0,중로봇,us,4,0.044,12280.0,13.25,0.846737,,NASDAQ
2026-05-28,s1,091160,반도체,kr,1,0.167599,163570.0,14.5,0.970536,,KOSPI
2026-05-28,s3,091160,반도체,kr,1,0.1353,163570.0,14.5,0.970536,,KOSPI
2026-05-28,s1,SOXX,SOXX,us,2,0.249321,563.97998046875,14.5,0.970536,,NASDAQ
2026-05-28,s3,SOXX,SOXX,us,2,0.2025,563.97998046875,14.5,0.970536,,NASDAQ
2026-05-28,s1,495050,밸류업,kr,3,0.101575,38620.0,14.0,0.960714,,KOSPI
2026-05-28,s3,495050,밸류업,kr,3,0.082,38620.0,14.0,0.960714,,KOSPI
2026-05-28,s1,SMH,SMH,us,4,0.092341,595.5,14.5,0.951949,,NASDAQ
2026-05-28,s3,SMH,SMH,us,4,0.075,595.5,14.5,0.951949,,NASDAQ
2026-05-28,s1,0048K0,중로봇,us,5,0.092341,11910.0,12.75,0.790269,,NASDAQ
2026-05-28,s3,0048K0,중로봇,us,5,0.075,11910.0,12.75,0.790269,,NASDAQ
2026-05-29,s1,091160,반도체,kr,1,0.191421,160980.0,16.0,1.0,,KOSPI
2026-05-29,s3,091160,반도체,kr,1,0.154,160980.0,16.0,1.0,,KOSPI
2026-05-29,s1,EWY,EWY,kr,2,0.183378,206.00999450683594,16.0,1.0,,KOSPI
2026-05-29,s3,EWY,EWY,kr,2,0.132,206.00999450683594,16.0,1.0,,KOSPI
2026-05-29,s1,SOXX,SOXX,us,3,0.227882,580.0599975585938,16.0,0.997199,,NASDAQ
2026-05-29,s3,SOXX,SOXX,us,3,0.195,580.0599975585938,16.0,0.997199,,NASDAQ
2026-05-29,s1,SMH,SMH,us,4,0.091153,609.9749755859375,16.0,0.955222,,NASDAQ
2026-05-29,s3,SMH,SMH,us,4,0.078,609.9749755859375,16.0,0.955222,,NASDAQ
2026-05-30,s1,091160,반도체,kr,1,0.191256,160980.0,16.0,1.0,,KOSPI
2026-05-30,s3,091160,반도체,kr,1,0.1485,160980.0,16.0,1.0,,KOSPI
2026-05-30,s1,EWY,EWY,kr,2,0.164718,205.8300018310547,16.0,1.0,,KOSPI
2026-05-30,s3,EWY,EWY,kr,2,0.1215,205.8300018310547,16.0,1.0,,KOSPI
2026-05-30,s1,069500,코스피,kr,3,0.122013,134815.0,15.5,0.990179,,KOSPI
2026-05-30,s3,069500,코스피,kr,3,0.09,134815.0,15.5,0.990179,,KOSPI
2026-05-30,s1,SOXX,SOXX,us,4,0.086426,569.0800170898438,15.0,0.976284,,NASDAQ
2026-05-30,s3,SOXX,SOXX,us,4,0.081,569.0800170898438,15.0,0.976284,,NASDAQ
2026-05-30,s1,SMH,SMH,us,5,0.086426,598.9299926757812,15.0,0.929509,,NASDAQ
2026-05-30,s3,SMH,SMH,us,5,0.081,598.9299926757812,15.0,0.929509,,NASDAQ
2026-05-31,s1,091160,반도체,kr,1,0.191256,160980.0,16.0,1.0,,KOSPI
2026-05-31,s3,091160,반도체,kr,1,0.1485,160980.0,16.0,1.0,,KOSPI
2026-05-31,s1,EWY,EWY,kr,2,0.164718,205.8300018310547,16.0,1.0,,KOSPI
2026-05-31,s3,EWY,EWY,kr,2,0.1215,205.8300018310547,16.0,1.0,,KOSPI
2026-05-31,s1,069500,코스피,kr,3,0.122013,134815.0,15.5,0.990179,,KOSPI
2026-05-31,s3,069500,코스피,kr,3,0.09,134815.0,15.5,0.990179,,KOSPI
2026-05-31,s1,SOXX,SOXX,us,4,0.086426,569.0800170898438,15.0,0.976284,,NASDAQ
2026-05-31,s3,SOXX,SOXX,us,4,0.084,569.0800170898438,15.0,0.976284,,NASDAQ
2026-05-31,s1,SMH,SMH,us,5,0.086426,598.9299926757812,15.0,0.929509,,NASDAQ
2026-05-31,s3,SMH,SMH,us,5,0.084,598.9299926757812,15.0,0.929509,,NASDAQ
2026-06-03,s1,091160,반도체,kr,1,0.27118,163875.0,16.0,1.0,,KOSPI
2026-06-03,s3,091160,반도체,kr,1,0.1575,163875.0,16.0,1.0,,KOSPI
2026-06-03,s1,495050,밸류업,kr,2,0.259786,40955.0,16.0,1.0,,KOSPI
2026-06-03,s3,495050,밸류업,kr,2,0.135,40955.0,16.0,1.0,,KOSPI
2026-06-03,s1,SOXX,SOXX,us,3,0.227882,611.2000122070312,16.0,1.0,,NASDAQ
2026-06-03,s3,SOXX,SOXX,us,3,0.21,611.2000122070312,16.0,1.0,,NASDAQ
2026-06-03,s1,SMH,SMH,us,4,0.091153,636.530029296875,16.0,0.991831,,NASDAQ
2026-06-03,s3,SMH,SMH,us,4,0.084,636.530029296875,16.0,0.991831,,NASDAQ
2026-06-04,s1,091160,반도체,kr,1,0.270946,168300.0,16.0,1.0,,KOSPI
2026-06-04,s3,091160,반도체,kr,1,0.2475,168300.0,16.0,1.0,,KOSPI
2026-06-04,s1,495050,밸류업,kr,2,0.23335,40440.0,16.0,1.0,,KOSPI
2026-06-04,s3,495050,밸류업,kr,2,0.2025,40440.0,16.0,1.0,,KOSPI
2026-06-04,s1,EWY,EWY,kr,3,0.172852,212.9600067138672,16.0,1.0,,KOSPI
2026-06-04,s3,EWY,EWY,kr,3,0.15,212.9600067138672,16.0,1.0,,KOSPI
2026-06-04,s1,SOXX,SOXX,us,4,0.086426,615.6799926757812,16.0,1.0,,NASDAQ
2026-06-04,s3,SOXX,SOXX,us,4,0.084,615.6799926757812,16.0,1.0,,NASDAQ
2026-06-04,s1,SMH,SMH,us,5,0.086426,637.9000244140625,16.0,0.996918,,NASDAQ
2026-06-04,s3,SMH,SMH,us,5,0.084,637.9000244140625,16.0,0.996918,,NASDAQ
2026-06-06,s1,SMH,SMH,us,6,0.057597,569.6900024414062,13.5,0.905534,,NASDAQ
2026-06-06,s3,SMH,SMH,us,6,0.0648,569.6900024414062,13.5,0.905534,,NASDAQ
2026-06-06,s1,446770,톱반도,us,1,0.277457,92100.0,15.0,1.0,,NASDAQ
2026-06-06,s3,446770,톱반도,us,1,0.2673,92100.0,15.0,1.0,,NASDAQ
2026-06-06,s1,069500,코스피,kr,2,0.134787,131030.0,14.5,0.989815,,KOSPI
2026-06-06,s3,069500,코스피,kr,2,0.2025,131030.0,14.5,0.989815,,KOSPI
2026-06-06,s1,091160,반도체,kr,3,0.094587,157180.0,14.0,0.979584,,KOSPI
2026-06-06,s3,091160,반도체,kr,3,0.15,157180.0,14.0,0.979584,,KOSPI
2026-06-06,s1,495050,밸류업,kr,4,0.052549,38255.0,13.5,0.969444,,KOSPI
2026-06-06,s3,495050,밸류업,kr,4,0.075,38255.0,13.5,0.969444,,KOSPI
2026-06-06,s1,SOXX,SOXX,us,5,0.071466,539.77001953125,13.5,0.946425,,NASDAQ
2026-06-06,s3,SOXX,SOXX,us,5,0.081,539.77001953125,13.5,0.946425,,NASDAQ
2026-06-07,s1,446770,톱반도,us,1,0.277457,92100.0,15.0,1.0,,NASDAQ
2026-06-07,s3,446770,톱반도,us,1,0.2574,92100.0,15.0,1.0,,NASDAQ
2026-06-07,s1,069500,코스피,kr,2,0.134787,131030.0,14.5,0.989815,,KOSPI
2026-06-07,s3,069500,코스피,kr,2,0.162,131030.0,14.5,0.989815,,KOSPI
2026-06-07,s1,091160,반도체,kr,3,0.094587,157180.0,14.0,0.979584,,KOSPI
2026-06-07,s3,091160,반도체,kr,3,0.12,157180.0,14.0,0.979584,,KOSPI
2026-06-07,s1,495050,밸류업,kr,4,0.052549,38255.0,13.5,0.969444,,KOSPI
2026-06-07,s3,495050,밸류업,kr,4,0.06,38255.0,13.5,0.969444,,KOSPI
2026-06-07,s1,SOXX,SOXX,us,5,0.071466,539.77001953125,13.5,0.946425,,NASDAQ
2026-06-07,s3,SOXX,SOXX,us,5,0.078,539.77001953125,13.5,0.946425,,NASDAQ
2026-06-08,s1,SOXX,SOXX,us,1,0.18,539.77001953125,13.5,0.979245,,NASDAQ
2026-06-08,s3,SOXX,SOXX,us,1,0.1575,539.77001953125,13.5,0.979245,,NASDAQ
2026-06-08,s1,PTF,PTF,us,2,0.12,121.77999877929688,13.5,0.964906,,NASDAQ
2026-06-08,s3,PTF,PTF,us,2,0.105,121.77999877929688,13.5,0.964906,,NASDAQ
2026-06-08,s1,446770,톱반도,us,3,0.075,85700.0,12.5,0.958491,,NASDAQ
2026-06-08,s3,446770,톱반도,us,3,0.0875,85700.0,12.5,0.958491,,NASDAQ
2026-06-09,s1,VIG,VIG,us,2,0.117224,233.33999633789062,12.0,0.8314,,NASDAQ
2026-06-09,s3,VIG,VIG,us,2,0.114,233.33999633789062,12.0,0.8314,,NASDAQ
2026-06-09,s1,RSP,RSP,us,3,0.097686,207.61000061035156,12.0,0.826427,,NASDAQ
2026-06-09,s3,RSP,RSP,us,3,0.095,207.61000061035156,12.0,0.826427,,NASDAQ
2026-06-09,s1,XLV,XLV,us,1,0.225,153.72999572753906,13.5,0.892111,,NASDAQ
2026-06-09,s3,XLV,XLV,us,1,0.171,153.72999572753906,13.5,0.892111,,NASDAQ
2026-06-09,s1,IJR,IJR,us,2,0.12,141.1156005859375,12.0,0.848661,,NASDAQ
2026-06-09,s3,IJR,IJR,us,2,0.114,141.1156005859375,12.0,0.848661,,NASDAQ
2026-06-09,s1,VTV,VTV,us,3,0.1,213.88999938964844,12.5,0.842632,,NASDAQ
2026-06-09,s3,VTV,VTV,us,3,0.095,213.88999938964844,12.5,0.842632,,NASDAQ
2026-06-10,s1,IJR,IJR,us,1,0.063978,139.88999938964844,11.0,0.914829,,NASDAQ
2026-06-10,s3,IJR,IJR,us,1,0.0525,139.88999938964844,11.0,0.914829,,NASDAQ
2026-06-10,s1,VTV,VTV,us,2,0.064516,,12.5,0.55,,NASDAQ
2026-06-10,s3,VTV,VTV,us,2,0.045,,12.5,0.55,,NASDAQ
2026-06-10,s1,VIG,VIG,us,3,0.051075,,11.0,0.516327,,NASDAQ
2026-06-10,s3,VIG,VIG,us,3,0.0375,,11.0,0.516327,,NASDAQ
2026-06-10,s1,RSP,RSP,us,4,0.02043,,11.0,0.516327,,NASDAQ
2026-06-10,s3,RSP,RSP,us,4,0.015,,11.0,0.516327,,NASDAQ
2026-06-11,s1,XLF,XLF,us,2,0.06,52.22999954223633,11.5,0.853264,,NASDAQ
2026-06-11,s3,XLF,XLF,us,2,0.045,52.22999954223633,11.5,0.853264,,NASDAQ
2026-06-11,s1,XLV,XLV,us,1,0.09,154.05999755859375,13.25,0.906969,,NASDAQ
2026-06-11,s3,XLV,XLV,us,1,0.0675,154.05999755859375,13.25,0.906969,,NASDAQ
2026-06-11,s1,IJR,IJR,us,2,0.06,140.2899932861328,11.0,0.882997,,NASDAQ
2026-06-11,s3,IJR,IJR,us,2,0.045,140.2899932861328,11.0,0.882997,,NASDAQ
2026-06-11,s1,VNQ,VNQ,us,3,0.05,98.13999938964844,11.75,0.864157,,NASDAQ
2026-06-11,s3,VNQ,VNQ,us,3,0.0375,98.13999938964844,11.75,0.864157,,NASDAQ
2026-06-12,s1,XLV,XLV,us,1,0.09,154.08999633789062,13.25,0.890853,,NASDAQ
2026-06-12,s3,XLV,XLV,us,1,0.081,154.08999633789062,13.25,0.890853,,NASDAQ
2026-06-12,s1,IJR,IJR,us,1,0.07,143.03880310058594,13.0,0.885508,,NASDAQ
2026-06-12,s3,IJR,IJR,us,1,0.063,143.03880310058594,13.0,0.885508,,NASDAQ
2026-06-12,s1,XLRE,XLRE,us,2,0.072,45.25,15.0,0.874083,,NASDAQ
2026-06-12,s3,XLRE,XLRE,us,2,0.054,45.25,15.0,0.874083,,NASDAQ
2026-06-12,s1,VNQ,VNQ,us,3,0.055,98.30999755859375,14.5,0.864222,,NASDAQ
2026-06-12,s3,VNQ,VNQ,us,3,0.045,98.30999755859375,14.5,0.864222,,NASDAQ
2026-06-12,s1,VTV,VTV,us,4,0.02,215.8489990234375,13.0,0.841531,,NASDAQ
2026-06-12,s3,VTV,VTV,us,4,0.018,215.8489990234375,13.0,0.841531,,NASDAQ
2026-06-13,s1,IJR,IJR,us,1,0.063752,143.6699981689453,13.0,0.885748,,NASDAQ
2026-06-13,s3,IJR,IJR,us,1,0.0693,143.6699981689453,13.0,0.885748,,NASDAQ
2026-06-13,s1,XLRE,XLRE,us,2,0.065887,45.36000061035156,15.0,0.871952,,NASDAQ
2026-06-13,s3,XLRE,XLRE,us,2,0.0567,45.36000061035156,15.0,0.871952,,NASDAQ
2026-06-13,s1,VNQ,VNQ,us,3,0.044738,98.51000213623047,14.5,0.861337,,NASDAQ
2026-06-13,s3,VNQ,VNQ,us,3,0.042,98.51000213623047,14.5,0.861337,,NASDAQ
2026-06-13,s1,VTV,VTV,us,4,0.020336,217.08999633789062,13.0,0.845494,,NASDAQ
2026-06-13,s3,VTV,VTV,us,4,0.021,217.08999633789062,13.0,0.845494,,NASDAQ
2026-06-13,s1,RSP,RSP,us,5,0.020336,211.64999389648438,11.0,0.802715,,NASDAQ
2026-06-13,s3,RSP,RSP,us,5,0.021,211.64999389648438,11.0,0.802715,,NASDAQ
2026-06-14,s1,IJR,IJR,us,1,0.063752,143.6699981689453,13.0,0.885748,,NASDAQ
2026-06-14,s3,IJR,IJR,us,1,0.0792,143.6699981689453,13.0,0.885748,,NASDAQ
2026-06-14,s1,XLRE,XLRE,us,2,0.065887,45.36000061035156,15.0,0.871952,,NASDAQ
2026-06-14,s3,XLRE,XLRE,us,2,0.0648,45.36000061035156,15.0,0.871952,,NASDAQ
2026-06-14,s1,VNQ,VNQ,us,3,0.044738,98.51000213623047,14.5,0.861337,,NASDAQ
2026-06-14,s3,VNQ,VNQ,us,3,0.048,98.51000213623047,14.5,0.861337,,NASDAQ
2026-06-14,s1,VTV,VTV,us,4,0.020336,217.08999633789062,13.0,0.845494,,NASDAQ
2026-06-14,s3,VTV,VTV,us,4,0.024,217.08999633789062,13.0,0.845494,,NASDAQ
2026-06-14,s1,RSP,RSP,us,5,0.020336,211.64999389648438,11.0,0.802715,,NASDAQ
2026-06-14,s3,RSP,RSP,us,5,0.024,211.64999389648438,11.0,0.802715,,NASDAQ
2026-06-15,s1,IJR,IJR,us,1,0.270946,143.6699981689453,13.0,0.847387,,NASDAQ
2026-06-15,s3,IJR,IJR,us,1,0.0825,143.6699981689453,13.0,0.847387,,NASDAQ
2026-06-15,s1,XLRE,XLRE,us,2,0.23335,45.36000061035156,15.0,0.836095,,NASDAQ
2026-06-15,s3,XLRE,XLRE,us,2,0.0675,45.36000061035156,15.0,0.836095,,NASDAQ
2026-06-15,s1,VNQ,VNQ,us,3,0.172852,98.51000213623047,14.5,0.825342,,NASDAQ
2026-06-15,s3,VNQ,VNQ,us,3,0.05,98.51000213623047,14.5,0.825342,,NASDAQ
2026-06-15,s1,VTV,VTV,us,4,0.086426,217.08999633789062,13.0,0.808015,,NASDAQ
2026-06-15,s3,VTV,VTV,us,4,0.025,217.08999633789062,13.0,0.808015,,NASDAQ
2026-06-15,s1,RSP,RSP,us,5,0.086426,211.64999389648438,11.0,0.764654,,NASDAQ
2026-06-15,s3,RSP,RSP,us,5,0.025,211.64999389648438,11.0,0.764654,,NASDAQ
2026-06-16,s1,241180,니케이,us,3,0.186813,39475.0,11.5,0.887023,,NASDAQ
2026-06-16,s3,241180,니케이,us,3,0.05,39475.0,11.5,0.887023,,NASDAQ
2026-06-16,s1,091160,반도체,kr,1,0.250842,171815.0,13.0,0.94,,KOSPI
2026-06-16,s3,091160,반도체,kr,1,0.1485,171815.0,13.0,0.94,,KOSPI
2026-06-16,s1,446770,톱반도,us,2,0.241452,95560.0,11.0,0.89756,,NASDAQ
2026-06-16,s3,446770,톱반도,us,2,0.0675,95560.0,11.0,0.89756,,NASDAQ
2026-06-16,s1,JETS,JETS,us,3,0.178853,30.979999542236328,12.75,0.879513,,NASDAQ
2026-06-16,s3,JETS,JETS,us,3,0.05,30.979999542236328,12.75,0.879513,,NASDAQ
2026-06-16,s1,IJR,IJR,us,4,0.089427,143.6300048828125,16.0,0.830196,,NASDAQ
2026-06-16,s3,IJR,IJR,us,4,0.025,143.6300048828125,16.0,0.830196,,NASDAQ
2026-06-16,s1,VTV,VTV,us,5,0.089427,219.10989379882812,13.0,0.742152,,NASDAQ
2026-06-16,s3,VTV,VTV,us,5,0.025,219.10989379882812,13.0,0.742152,,NASDAQ
2026-06-17,s1,VIG,VIG,us,6,0.076233,236.80999755859375,14.0,0.767666,,NASDAQ
2026-06-17,s3,VIG,VIG,us,6,0.06,236.80999755859375,14.0,0.767666,,NASDAQ
2026-06-17,s1,091160,반도체,kr,1,0.238145,175955.0,15.5,0.99,,KOSPI
2026-06-17,s3,091160,반도체,kr,1,0.2325,175955.0,15.5,0.99,,KOSPI
2026-06-17,s1,446770,톱반도,us,2,0.225944,96905.0,14.0,0.96,,NASDAQ
2026-06-17,s3,446770,톱반도,us,2,0.1875,96905.0,14.0,0.96,,NASDAQ
2026-06-17,s1,SOXX,SOXX,us,3,0.137374,603.219970703125,13.0,0.94,,NASDAQ
2026-06-17,s3,SOXX,SOXX,us,3,0.12,603.219970703125,13.0,0.94,,NASDAQ
2026-06-17,s1,495050,밸류업,kr,4,0.085859,41235.0,13.0,0.926274,,KOSPI
2026-06-17,s3,495050,밸류업,kr,4,0.075,41235.0,13.0,0.926274,,KOSPI
2026-06-17,s1,IJR,IJR,us,5,0.090377,143.22000122070312,16.0,0.799772,,NASDAQ
2026-06-17,s3,IJR,IJR,us,5,0.075,143.22000122070312,16.0,0.799772,,NASDAQ
2026-06-17,s1,VTV,VTV,us,6,0.072302,218.25,16.0,0.764434,,NASDAQ
2026-06-17,s3,VTV,VTV,us,6,0.06,218.25,16.0,0.764434,,NASDAQ
2026-06-18,s1,091160,반도체,kr,1,0.254266,182500.0,16.0,1.0,,KOSPI
2026-06-18,s3,091160,반도체,kr,1,0.2418,182500.0,16.0,1.0,,KOSPI
2026-06-18,s1,446770,톱반도,us,2,0.060945,100090.0,15.5,0.99,,NASDAQ
2026-06-18,s3,446770,톱반도,us,2,0.0375,100090.0,15.5,0.99,,NASDAQ
2026-06-18,s1,069500,코스피,kr,3,0.138141,146945.0,14.0,0.96,,KOSPI
2026-06-18,s3,069500,코스피,kr,3,0.1248,146945.0,14.0,0.96,,KOSPI
2026-06-18,s1,495050,밸류업,kr,4,0.086338,41890.0,14.0,0.96,,KOSPI
2026-06-18,s3,495050,밸류업,kr,4,0.078,41890.0,14.0,0.96,,KOSPI
2026-06-18,s1,SOXX,SOXX,us,5,0.020315,599.72998046875,12.0,0.92,,NASDAQ
2026-06-18,s3,SOXX,SOXX,us,5,0.015,599.72998046875,12.0,0.92,,NASDAQ
2026-06-18,s1,IJR,IJR,us,6,0.016252,140.6699981689453,14.5,0.745031,,NASDAQ
2026-06-18,s3,IJR,IJR,us,6,0.012,140.6699981689453,14.5,0.745031,,NASDAQ
2026-06-19,s1,SOXX,SOXX,us,5,0.08126,639.4500122070312,12.5,0.93,,NASDAQ
2026-06-19,s3,SOXX,SOXX,us,5,0.018,639.4500122070312,12.5,0.93,,NASDAQ
2026-06-19,s1,091160,반도체,kr,1,0.248065,181015.0,16.0,1.0,,KOSPI
2026-06-19,s3,091160,반도체,kr,1,0.2511,181015.0,16.0,1.0,,KOSPI
2026-06-19,s1,446770,톱반도,us,2,0.209205,102210.0,16.0,1.0,,NASDAQ
2026-06-19,s3,446770,톱반도,us,2,0.045,102210.0,16.0,1.0,,NASDAQ
2026-06-19,s1,069500,코스피,kr,3,0.135146,146910.0,14.5,0.97,,KOSPI
2026-06-19,s3,069500,코스피,kr,3,0.1296,146910.0,14.5,0.97,,KOSPI
2026-06-19,s1,495050,밸류업,kr,4,0.084467,41945.0,14.5,0.97,,KOSPI
2026-06-19,s3,495050,밸류업,kr,4,0.081,41945.0,14.5,0.97,,KOSPI
2026-06-19,s1,IJR,IJR,us,5,0.083682,143.2100067138672,14.0,0.722812,,NASDAQ
2026-06-19,s3,IJR,IJR,us,5,0.018,143.2100067138672,14.0,0.722812,,NASDAQ
2026-06-19,s1,VTV,VTV,us,6,0.066946,216.5,13.0,0.669682,,NASDAQ
2026-06-19,s3,VTV,VTV,us,6,0.0144,216.5,13.0,0.669682,,NASDAQ
2026-06-20,s1,091160,반도체,kr,1,0.248065,181015.0,16.0,1.0,,KOSPI
2026-06-20,s3,091160,반도체,kr,1,0.2511,181015.0,16.0,1.0,,KOSPI
2026-06-20,s1,446770,톱반도,us,2,0.209205,102210.0,16.0,1.0,,NASDAQ
2026-06-20,s3,446770,톱반도,us,2,0.0525,102210.0,16.0,1.0,,NASDAQ
2026-06-20,s1,069500,코스피,kr,3,0.135146,146910.0,14.5,0.97,,KOSPI
2026-06-20,s3,069500,코스피,kr,3,0.1296,146910.0,14.5,0.97,,KOSPI
2026-06-20,s1,495050,밸류업,kr,4,0.084467,41945.0,14.5,0.97,,KOSPI
2026-06-20,s3,495050,밸류업,kr,4,0.081,41945.0,14.5,0.97,,KOSPI
2026-06-20,s1,IJR,IJR,us,5,0.083682,143.2100067138672,14.0,0.722812,,NASDAQ
2026-06-20,s3,IJR,IJR,us,5,0.021,143.2100067138672,14.0,0.722812,,NASDAQ
2026-06-20,s1,VTV,VTV,us,6,0.066946,216.5,13.0,0.669682,,NASDAQ
2026-06-20,s3,VTV,VTV,us,6,0.0168,216.5,13.0,0.669682,,NASDAQ
2026-06-21,s1,091160,반도체,kr,1,0.248065,181015.0,16.0,1.0,,KOSPI
2026-06-21,s3,091160,반도체,kr,1,0.2511,181015.0,16.0,1.0,,KOSPI
2026-06-21,s1,446770,톱반도,us,2,0.209205,102210.0,16.0,1.0,,NASDAQ
2026-06-21,s3,446770,톱반도,us,2,0.1875,102210.0,16.0,1.0,,NASDAQ
2026-06-21,s1,069500,코스피,kr,3,0.135146,146910.0,14.5,0.97,,KOSPI
2026-06-21,s3,069500,코스피,kr,3,0.1296,146910.0,14.5,0.97,,KOSPI
2026-06-21,s1,495050,밸류업,kr,4,0.084467,41945.0,14.5,0.97,,KOSPI
2026-06-21,s3,495050,밸류업,kr,4,0.081,41945.0,14.5,0.97,,KOSPI
2026-06-21,s1,IJR,IJR,us,5,0.083682,143.2100067138672,14.0,0.722812,,NASDAQ
2026-06-21,s3,IJR,IJR,us,5,0.075,143.2100067138672,14.0,0.722812,,NASDAQ
2026-06-21,s1,VTV,VTV,us,6,0.066946,216.5,13.0,0.669682,,NASDAQ
2026-06-21,s3,VTV,VTV,us,6,0.06,216.5,13.0,0.669682,,NASDAQ
2026-06-22,s1,091160,반도체,kr,1,0.371739,186060.0,16.0,1.0,,KOSPI
2026-06-22,s3,091160,반도체,kr,1,0.378,186060.0,16.0,1.0,,KOSPI
2026-06-22,s1,446770,톱반도,us,2,0.26087,104410.0,16.0,1.0,,NASDAQ
2026-06-22,s3,446770,톱반도,us,2,0.234,104410.0,16.0,1.0,,NASDAQ
2026-06-22,s1,069500,코스피,kr,3,0.217391,147605.0,16.0,1.0,,KOSPI
2026-06-22,s3,069500,코스피,kr,3,0.21,147605.0,16.0,1.0,,KOSPI
2026-06-23,s1,069500,코스피,kr,2,0.243038,141100.0,15.0,0.98,,KOSPI
2026-06-23,s3,069500,코스피,kr,2,0.261,141100.0,15.0,0.98,,KOSPI
2026-06-23,s1,446770,톱반도,us,1,0.176455,99520.0,15.0,0.97963,,NASDAQ
2026-06-23,s3,446770,톱반도,us,1,0.2511,99520.0,15.0,0.97963,,NASDAQ
2026-06-23,s1,SMH,SMH,us,2,0.142303,668.9099731445312,14.0,0.959259,,NASDAQ
2026-06-23,s3,SMH,SMH,us,2,0.2025,668.9099731445312,14.0,0.959259,,NASDAQ
2026-06-23,s1,MTUM,MTUM,us,3,0.099353,345.2200012207031,15.0,0.952301,,NASDAQ
2026-06-23,s3,MTUM,MTUM,us,3,0.1296,345.2200012207031,15.0,0.952301,,NASDAQ
2026-06-23,s1,091160,반도체,kr,4,0.041785,166780.0,14.0,0.913879,,KOSPI
2026-06-23,s3,091160,반도체,kr,4,0.087,166780.0,14.0,0.913879,,KOSPI
2026-06-23,s1,495050,밸류업,kr,5,0.035395,38830.0,13.5,0.888409,,KOSPI
2026-06-23,s3,495050,밸류업,kr,5,0.087,38830.0,13.5,0.888409,,KOSPI
2026-06-23,s1,IJR,IJR,us,6,0.045537,143.25999450683594,14.0,0.819551,,NASDAQ
2026-06-23,s3,IJR,IJR,us,6,0.0648,143.25999450683594,14.0,0.819551,,NASDAQ
2026-06-24,s1,495050,밸류업,kr,5,0.036,39190.0,11.0,0.85764,,KOSPI
2026-06-24,s3,495050,밸류업,kr,5,0.035,39190.0,11.0,0.85764,,KOSPI
2026-06-24,s1,VTV,VTV,us,6,0.042105,217.43,13.5,0.810424,,NASDAQ
2026-06-24,s3,VTV,VTV,us,6,0.028,217.43,13.5,0.810424,,NASDAQ
2026-06-24,s1,446770,톱반도,us,1,0.159588,98325.0,14.0,0.960714,,NASDAQ
2026-06-24,s3,446770,톱반도,us,1,0.1085,98325.0,14.0,0.960714,,NASDAQ
2026-06-24,s1,XBI,XBI,us,2,0.15444,149.5395965576172,16.0,0.940859,,NASDAQ
2026-06-24,s3,XBI,XBI,us,2,0.0875,149.5395965576172,16.0,0.940859,,NASDAQ
2026-06-24,s1,JETS,JETS,us,3,0.098842,31.969999313354492,15.0,0.937,,NASDAQ
2026-06-24,s3,JETS,JETS,us,3,0.056,31.969999313354492,15.0,0.937,,NASDAQ
2026-06-24,s1,091160,반도체,kr,4,0.035006,171440.0,12.0,0.915655,,KOSPI
2026-06-24,s3,091160,반도체,kr,4,0.035,171440.0,12.0,0.915655,,KOSPI
2026-06-24,s1,SMH,SMH,us,5,0.032523,618.5800170898438,12.5,0.896098,,NASDAQ
2026-06-24,s3,SMH,SMH,us,5,0.035,618.5800170898438,12.5,0.896098,,NASDAQ
2026-06-24,s1,EWT,EWT,us,6,0.027387,104.30000305175781,12.5,0.883896,,NASDAQ
2026-06-24,s3,EWT,EWT,us,6,0.028,104.30000305175781,12.5,0.883896,,NASDAQ
2026-06-25,s1,091160,반도체,kr,4,0.035006,171440.0,12.0,0.915673,,KOSPI
2026-06-25,s3,091160,반도체,kr,4,0.038,171440.0,12.0,0.915673,,KOSPI
2026-06-25,s1,JETS,JETS,us,1,0.200964,32.48,15.0,0.941888,,NASDAQ
2026-06-25,s3,JETS,JETS,us,1,0.1155,32.48,15.0,0.941888,,NASDAQ
2026-06-25,s1,XBI,XBI,us,2,0.164425,149.71,16.0,0.941675,,NASDAQ
2026-06-25,s3,XBI,XBI,us,2,0.0945,149.71,16.0,0.941675,,NASDAQ
2026-06-25,s1,446770,톱반도,us,3,0.101497,102180.0,13.0,0.941071,,NASDAQ
2026-06-25,s3,446770,톱반도,us,3,0.07,102180.0,13.0,0.941071,,NASDAQ
2026-06-25,s1,SMH,SMH,us,4,0.03206,618.92,12.5,0.876502,,NASDAQ
2026-06-25,s3,SMH,SMH,us,4,0.035,618.92,12.5,0.876502,,NASDAQ
2026-06-25,s1,EWT,EWT,us,5,0.033748,104.72,12.5,0.869204,,NASDAQ
2026-06-25,s3,EWT,EWT,us,5,0.035,104.72,12.5,0.869204,,NASDAQ
2026-06-26,s1,JETS,JETS,us,1,0.084,32.98,15.0,0.943976,,NASDAQ
2026-06-26,s3,JETS,JETS,us,1,0.0525,32.98,15.0,0.943976,,NASDAQ
2026-06-26,s1,XBI,XBI,us,2,0.072,151.59,16.0,0.94009,,NASDAQ
2026-06-26,s3,XBI,XBI,us,2,0.045,151.59,16.0,0.94009,,NASDAQ
2026-06-26,s1,487230,전력인,us,3,0.055,27405.0,15.0,0.920496,,NASDAQ
2026-06-26,s3,487230,전력인,us,3,0.0375,27405.0,15.0,0.920496,,NASDAQ
2026-06-26,s1,446770,톱반도,us,4,0.02,100095.0,11.5,0.911607,,NASDAQ
2026-06-26,s3,446770,톱반도,us,4,0.015,100095.0,11.5,0.911607,,NASDAQ
