봇,보유단위,주,총거래수,승률(%),손익비,평균수익(%),평균손실(%),최대수익(%),최대손실(%),수익 평균보유,손실 평균보유,기대값(%/거래),기대값(원/거래),PF,"실현손익합(원,net)",수수료·세금(원),"실현손익합(원,gross)",환율(USDKRW)
통합,혼합,06/08~06/12,3,0.0,0.0,,3.96,,4.35,,,-3.964,-58941,0.0,-176822,1322,-175500,1415.0
통합,혼합,06/15~06/19,14,50.0,3.69,7.79,3.04,19.29,4.76,,,2.378,16263,3.69,227688,2172,229860,1415.0
통합,혼합,06/22~06/26,39,28.2,0.86,5.47,3.16,17.35,20.1,,,-0.727,-5748,0.34,-224174,4434,-219740,1415.0
통합,혼합,06/29~07/03,55,38.2,1.84,3.02,2.95,13.15,5.82,,,-0.67,572,1.14,31442,4659,36101,1415.0
통합,혼합,07/06~07/10,42,42.9,1.53,2.57,2.56,8.68,9.01,,,-0.363,506,1.14,21236,5178,26414,1415.0
통합,혼합,07/13~07/17,10,70.0,8.63,7.98,4.11,11.14,9.65,,,4.349,39530,20.14,395295,1654,396949,1415.0
통합,혼합,07/20~07/24,16,56.2,3.14,6.33,3.59,11.09,11.77,,,1.991,7428,4.04,118846,1274,120120,1415.0
통합,혼합,07/27~07/31,18,44.4,1.24,6.04,3.37,13.51,7.52,,,0.809,-52,0.99,-927,1619,692,1415.0
통합,혼합,08/03~08/07,25,8.0,0.64,0.44,0.72,0.84,2.28,,,-0.627,-9453,0.06,-236325,11325,-225000,1415.0
통합,혼합,08/10~08/14,1,0.0,0.0,,10.01,,10.01,,,-10.012,-71414,0.0,-71414,949,-70465,1411.0
통합,혼합,08/17~08/21,24,37.5,1.83,4.03,3.19,15.58,6.17,,,-0.482,754,1.1,32241,13074,45315,1373.0
통합,혼합,08/24~08/28,8,50.0,0.1,2.79,3.12,4.37,6.38,,,-0.168,-46189,0.1,-394733,14127,-380606,1383.0
통합,혼합,08/31~09/04,14,42.9,0.93,1.1,1.81,3.21,3.37,,,-0.561,-3346,0.7,-92629,16358,-76270,1369.0
통합,혼합,09/07~09/11,2,0.0,0.0,,3.05,,4.86,,,-3.054,-38107,0.0,-17820,495,-17325,1338.0
통합,혼합,09/14~09/18,4,50.0,1.59,4.85,2.16,6.38,2.22,,,1.346,10808,1.59,81557,4127,85684,1378.0
통합,혼합,09/21~09/25,20,55.0,2.53,6.88,1.43,29.58,6.05,,,3.141,5316,3.09,112935,9813,122748,1353.0
통합,혼합,09/28~10/02,30,43.3,6.76,7.88,2.34,17.63,8.36,,,2.086,22762,5.17,592075,12047,604121,1358.0
통합,혼합,전체,325,39.4,1.8,4.91,2.63,29.58,20.1,,,0.336,1362,1.17,398471,104627,503098,

주도주,일,06/08~06/12,3,0.0,0.0,,3.96,,4.35,,0.0,-3.964,-58941,0.0,-176822,1322,-175500,1415.0
주도주,일,06/15~06/19,14,50.0,3.69,7.79,3.04,19.29,4.76,2.71,1.0,2.378,16263,3.69,227688,2172,229860,1415.0
주도주,일,06/22~06/26,11,0.0,0.0,,3.0,,8.44,,0.91,-3.001,-21403,0.0,-235428,2878,-232550,1415.0
주도주,일,06/29~07/03,4,25.0,7.37,4.74,2.94,4.74,4.43,1.0,3.33,-1.022,14731,2.46,58925,1075,60000,1415.0
주도주,일,07/06~07/10,8,50.0,0.67,1.34,1.38,4.21,4.27,0.5,0.0,-0.021,-521,0.67,-4171,1720,-2451,1415.0
주도주,일,07/13~07/17,4,100.0,,8.81,,11.03,,1.0,,8.81,85744,,342974,1131,344105,1415.0
주도주,일,07/20~07/24,6,66.7,2.21,6.75,9.42,11.09,11.77,3.5,8.5,1.361,11916,4.43,71497,583,72080,1415.0
주도주,일,08/17~08/21,1,100.0,,4.87,,4.87,,0.0,,4.869,37762,,37762,238,38000,1373.0
주도주,일,08/31~09/04,1,0.0,0.0,,0.23,,0.23,,1.0,-0.23,-1150,0.0,-1150,150,-1000,1369.0
주도주,일,09/14~09/18,1,100.0,,3.32,,3.32,,2.0,,3.316,8175,,8175,75,8250,1378.0
주도주,일,09/21~09/25,1,100.0,,9.46,,9.46,,4.0,,9.463,24419,,24419,81,24500,1353.0
주도주,일,전체,54,42.6,2.18,6.28,3.21,19.29,11.77,2.0,1.45,0.833,6553,1.62,353869,11425,365294,

ROCKET,일,전체,0,,,,,,,,,,,,0,0,0,

ABC-VCP,일,전체,0,,,,,,,,,,,,0,0,0,

TV알림,일,전체,0,,,,,,,,,,,,0,0,0,

2X단타,분,06/22~06/26,27,40.7,1.65,5.47,3.29,17.35,20.1,185.95,187.46,0.274,507,1.14,13680,1530,15210,1415.0
2X단타,분,06/29~07/03,45,37.8,1.11,3.01,2.96,13.15,5.82,313.5,175.2,-0.703,-1271,0.67,-57188,2829,-54359,1415.0
2X단타,분,07/06~07/10,31,41.9,1.8,3.14,2.76,8.68,9.01,247.7,174.67,-0.288,1187,1.3,36789,3306,40095,1415.0
2X단타,분,07/13~07/17,6,50.0,3.53,6.86,4.11,11.14,9.65,533.86,403.59,1.375,8720,3.53,52321,523,52844,1415.0
2X단타,분,07/20~07/24,9,44.4,4.39,7.08,1.26,7.95,2.19,800.2,60.03,2.446,5075,3.51,45679,661,46340,1415.0
2X단타,분,07/27~07/31,16,50.0,1.14,6.04,2.52,13.51,4.74,2281.51,27.54,1.758,851,1.14,13616,1561,15177,1415.0
2X단타,분,08/17~08/21,1,100.0,,15.58,,15.58,,1659.27,,15.576,88875,,88875,185,89060,1373.0
2X단타,분,08/24~08/28,0,,,,,,,,,,,,-1537,95,-1442,1383.0
2X단타,분,08/31~09/04,1,100.0,,1.54,,1.54,,16147.65,,1.542,60798,,49448,1099,50548,1369.0
2X단타,분,09/28~10/02,0,,,,,,,,,,,,1654,98,1751,1358.0
2X단타,분,전체,136,42.6,1.98,4.59,2.87,17.35,20.1,887.18,163.85,0.312,1872,1.47,243337,11887,255224,

삼닉v3_저2,분,08/03~08/07,3,0.0,0.0,,0.34,,0.49,,13.35,-0.341,-4880,0.0,-14641,1291,-13350,1415.0
삼닉v3_저2,분,전체,3,0.0,0.0,,0.34,,0.49,,13.35,-0.341,-4880,0.0,-14641,1291,-13350,

삼닉v3_추세,분,08/03~08/07,10,0.0,0.0,,0.91,,2.28,,29.99,-0.912,-13839,0.0,-138394,4519,-133875,1415.0
삼닉v3_추세,분,08/17~08/21,2,0.0,0.0,,0.49,,0.59,,27.47,-0.486,-7995,0.0,-15989,989,-15000,1373.0
삼닉v3_추세,분,08/31~09/04,4,75.0,2.87,0.23,0.08,0.58,0.08,50.06,55.1,0.15,2446,8.62,9783,1867,11650,1369.0
삼닉v3_추세,분,09/28~10/02,2,100.0,,7.55,,8.44,,35828.6,,7.545,120343,,240686,989,241675,1358.0
삼닉v3_추세,분,전체,18,27.8,4.2,3.16,0.78,8.44,2.28,14361.47,31.53,0.311,5338,1.62,96086,8364,104450,

삼닉v3_MA,분,08/03~08/07,12,16.7,0.72,0.44,0.64,0.84,1.81,14.12,26.24,-0.461,-6941,0.14,-83290,5515,-77775,1415.0
삼닉v3_MA,분,전체,12,16.7,0.72,0.44,0.64,0.84,1.81,14.12,26.24,-0.461,-6941,0.14,-83290,5515,-77775,

삼닉v3_미분류,분,전체,0,,,,,,,,,,,,0,0,0,

5minHL,분,전체,0,,,,,,,,,,,,0,0,0,

5minHL2,분,전체,0,,,,,,,,,,,,0,0,0,

5minHL_동시,분,전체,0,,,,,,,,,,,,0,0,0,

5minHL_미분류,분,06/22~06/26,1,0.0,0.0,,2.75,,2.75,,49.85,-2.747,-2426,0.0,-2426,26,-2400,1415.0
5minHL_미분류,분,06/29~07/03,6,50.0,2.93,2.47,2.85,4.6,3.5,1279.97,875.09,-0.191,4951,2.93,29704,756,30460,1415.0
5minHL_미분류,분,07/06~07/10,3,33.3,0.01,0.08,3.13,0.08,3.61,4319.93,1351.81,-2.059,-3794,0.01,-11383,153,-11230,1415.0
5minHL_미분류,분,07/20~07/24,1,100.0,,1.68,,1.68,,10.1,,1.678,1670,,1670,30,1700,1415.0
5minHL_미분류,분,07/27~07/31,2,0.0,0.0,,6.78,,7.52,,5756.96,-6.785,-7272,0.0,-14543,58,-14485,1415.0
5minHL_미분류,분,전체,13,38.5,1.71,1.83,3.89,4.6,7.52,1633.99,2111.58,-1.689,232,1.07,3022,1023,4045,

KR_TR_ORD_B,일,09/28~10/02,2,100.0,,7.03,,13.44,,8.0,,7.029,135574,,271147,943,272090,1358.0
KR_TR_ORD_B,일,전체,2,100.0,,7.03,,13.44,,8.0,,7.029,135574,,271147,943,272090,

KR_TR_ORD_1A0,일,전체,0,,,,,,,,,,,,0,0,0,

KR_TR_VOLUME_1,일,08/17~08/21,1,100.0,,1.3,,1.3,,7.0,,1.299,6421,,6421,149,6570,1373.0
KR_TR_VOLUME_1,일,전체,1,100.0,,1.3,,1.3,,7.0,,1.299,6421,,6421,149,6570,

KR_TR_VOLUME_2,일,09/28~10/02,2,50.0,12.58,11.2,0.88,11.2,0.88,10.0,7.0,5.156,76417,12.58,152835,915,153750,1358.0
KR_TR_VOLUME_2,일,전체,2,50.0,12.58,11.2,0.88,11.2,0.88,10.0,7.0,5.156,76417,12.58,152835,915,153750,

KR_TR_VCP1,일,전체,0,,,,,,,,,,,,0,0,0,

KR_TR_BASE,일,전체,0,,,,,,,,,,,,0,0,0,

KR_TR_JEO2,일,전체,0,,,,,,,,,,,,0,0,0,

KR_TR_MA,일,전체,0,,,,,,,,,,,,0,0,0,

KR_TR_ADD1,일,전체,0,,,,,,,,,,,,0,0,0,

미국VCP,일,전체,0,,,,,,,,,,,,0,0,0,

US_TR_ORD_B,일,08/10~08/14,1,0.0,0.0,,10.01,,10.01,,3.0,-10.012,-71414,0.0,-71414,949,-70465,1411.0
US_TR_ORD_B,일,08/17~08/21,10,50.0,0.93,2.49,4.28,7.7,5.74,14.2,5.6,-0.896,-471,0.93,9429,6892,16322,1373.0
US_TR_ORD_B,일,08/24~08/28,5,40.0,0.14,2.69,3.1,4.37,6.38,18.0,9.0,-0.787,-62797,0.09,-340821,9807,-331014,1383.0
US_TR_ORD_B,일,08/31~09/04,6,33.3,0.95,2.18,2.6,3.21,3.37,14.0,13.25,-1.004,-6626,0.48,-71076,8465,-62611,1369.0
US_TR_ORD_B,일,09/07~09/11,1,0.0,0.0,,4.86,,4.86,,10.0,-4.859,-74342,0.0,-15947,346,-15601,1338.0
US_TR_ORD_B,일,09/14~09/18,3,33.3,2.96,6.38,2.16,6.38,2.22,19.0,19.0,0.69,11686,1.48,18987,3814,22800,1378.0
US_TR_ORD_B,일,09/21~09/25,0,,,,,,,,,,,,46156,3932,50088,1353.0
US_TR_ORD_B,일,09/28~10/02,3,33.3,11.04,8.37,0.75,8.37,1.3,6.0,5.5,2.292,26278,5.52,25694,3028,28722,1358.0
US_TR_ORD_B,일,전체,29,37.9,0.76,3.36,3.43,8.37,10.01,14.55,9.44,-0.857,-13459,0.46,-398992,37233,-361759,

US_TR_ORD_1A0,일,전체,0,,,,,,,,,,,,0,0,0,

US_TR_VOLUME_1,일,전체,0,,,,,,,,,,,,0,0,0,

US_TR_VOLUME_2,일,전체,0,,,,,,,,,,,,0,0,0,

US_TR_VCP1,일,09/28~10/02,1,0.0,0.0,,7.47,,7.47,,6.0,-7.472,-62952,0.0,-84419,1744,-82675,1358.0
US_TR_VCP1,일,전체,1,0.0,0.0,,7.47,,7.47,,6.0,-7.472,-62952,0.0,-84419,1744,-82675,

US_TR_BASE,일,09/21~09/25,1,0.0,0.0,,1.3,,1.3,,1.0,-1.3,-5227,0.0,-5525,776,-4749,1353.0
US_TR_BASE,일,전체,1,0.0,0.0,,1.3,,1.3,,1.0,-1.3,-5227,0.0,-5525,776,-4749,

US_TR_JEO2,일,08/17~08/21,1,0.0,0.0,,2.13,,2.13,,1.0,-2.131,-41586,0.0,-41586,2702,-38883,1373.0
US_TR_JEO2,일,09/28~10/02,3,0.0,0.0,,3.41,,5.33,,6.0,-3.407,-13523,0.0,-40568,1783,-38784,1358.0
US_TR_JEO2,일,전체,4,0.0,0.0,,3.09,,5.33,,4.75,-3.088,-20538,0.0,-82154,4485,-77667,

US_TR_MA,일,08/17~08/21,7,0.0,0.0,,3.34,,6.17,,8.0,-3.337,-7859,0.0,-55013,1884,-53128,1373.0
US_TR_MA,일,08/24~08/28,3,66.7,0.08,2.89,3.18,3.32,3.18,18.0,0.0,0.864,-18508,0.16,-52375,4226,-48149,1383.0
US_TR_MA,일,08/31~09/04,2,0.0,0.0,,1.87,,2.68,,7.5,-1.87,-38258,0.0,-79635,4778,-74857,1369.0
US_TR_MA,일,09/21~09/25,3,66.7,0.07,0.47,6.05,0.51,6.05,1.0,1.0,-1.701,-9977,0.13,-29930,2167,-27764,1353.0
US_TR_MA,일,전체,15,26.7,0.18,1.68,3.3,3.32,6.17,9.5,6.55,-1.974,-14466,0.07,-216953,13055,-203898,

US_TR_ADD1,일,09/28~10/02,1,100.0,,8.9,,8.9,,5.0,,8.897,21711,,21711,357,22068,1358.0
US_TR_ADD1,일,전체,1,100.0,,8.9,,8.9,,5.0,,8.897,21711,,21711,357,22068,

US_TR_LEGACY,일,08/17~08/21,2,0.0,0.0,,7.15,,10.49,,1.0,-7.145,-27445,0.0,-54889,1054,-53835,1373.0
US_TR_LEGACY,일,전체,2,0.0,0.0,,7.15,,10.49,,1.0,-7.145,-27445,0.0,-54889,1054,-53835,

US_TR_LEGACY_TREND,일,08/17~08/21,17,52.9,1.87,7.27,2.48,16.31,5.68,0.78,0.75,2.681,3410,2.11,134658,7271,141929,1373.0
US_TR_LEGACY_TREND,일,08/24~08/28,7,100.0,,6.16,,11.46,,10.43,,6.16,18699,,86535,1828,88363,1383.0
US_TR_LEGACY_TREND,일,08/31~09/04,4,50.0,2.51,11.43,2.87,12.0,4.94,14.0,14.0,4.282,7910,2.51,-912,635,-278,1369.0
US_TR_LEGACY_TREND,일,전체,28,64.3,2.22,7.3,2.56,16.31,5.68,6.0,3.4,3.779,7875,4.0,220281,9734,230014,

US_TR_LEGACY_LOW,일,08/24~08/28,1,0.0,0.0,,0.54,,0.54,,12.0,-0.54,-1280,0.0,-1280,208,-1072,1383.0
US_TR_LEGACY_LOW,일,전체,1,0.0,0.0,,0.54,,0.54,,12.0,-0.54,-1280,0.0,-1280,208,-1072,

KR_TR_VCP2,일,전체,0,,,,,,,,,,,,0,0,0,

US_TR_VCP2,일,전체,0,,,,,,,,,,,,0,0,0,

저점사다리,분,08/17~08/21,1,100.0,,2.1,,2.1,,52.73,,2.102,2341,,2341,34,2375,1373.0
저점사다리,분,전체,1,100.0,,2.1,,2.1,,52.73,,2.102,2341,,2341,34,2375,

업비트SCO-Top3,일,09/21~09/25,1,100.0,,2.88,,2.88,,1.0,,2.876,4316,,13859,327,14186,1353.0
업비트SCO-Top3,일,09/28~10/02,3,66.7,2.04,11.45,4.17,17.63,4.17,1.5,3.0,6.241,6428,4.08,7071,354,7425,1358.0
업비트SCO-Top3,일,전체,4,75.0,1.59,8.59,4.17,17.63,4.17,1.33,3.0,5.4,5900,4.77,20930,681,21611,

업비트SCO-15분,분,09/21~09/25,11,36.4,3.92,3.1,0.79,6.36,1.95,753.65,197.67,0.625,1249,2.24,13742,2208,15950,1353.0
업비트SCO-15분,분,09/28~10/02,8,12.5,2.17,1.85,0.85,1.85,2.28,239.98,134.54,-0.513,-1027,0.31,-8217,1597,-6620,1358.0
업비트SCO-15분,분,전체,19,26.3,3.47,2.85,0.82,6.36,2.28,650.92,166.1,0.146,291,1.24,5525,3805,9330,

바이낸스SCO-Top3,일,09/21~09/25,0,,,,,,,,,,,,912,61,973,1353.0
바이낸스SCO-Top3,일,09/28~10/02,2,50.0,0.4,3.45,8.36,3.45,8.36,1.0,1.0,-2.454,-3425,0.4,-7765,122,-7643,1358.0
바이낸스SCO-Top3,일,전체,2,50.0,0.4,3.45,8.36,3.45,8.36,1.0,1.0,-2.454,-3425,0.4,-6853,183,-6670,

통합ETF,일,07/13~07/17,2,0.0,0.0,,2.61,,3.49,,1.0,-2.607,-8011,0.0,-16021,513,-15508,1415.0
통합ETF,일,07/20~07/24,4,25.0,0.07,1.37,0.74,1.37,1.32,1.0,5.67,-0.217,-13272,0.02,-53089,5913,-47176,1415.0
통합ETF,일,07/27~07/31,2,0.0,0.0,,0.14,,0.16,,5.5,-0.136,-2389,0.0,-4777,2924,-1854,1415.0
통합ETF,일,08/03~08/07,3,100.0,,1.04,,2.2,,14.0,,1.042,16180,,48540,4254,52794,1415.0
통합ETF,일,08/10~08/14,3,0.0,0.0,,0.86,,1.53,,4.67,-0.864,-28997,0.0,-86990,13787,-73203,1411.0
통합ETF,일,08/24~08/28,2,0.0,0.0,,0.92,,1.07,,4.0,-0.918,-18443,0.0,-68185,5784,-62401,1383.0
통합ETF,일,09/07~09/11,3,0.0,0.0,,3.42,,4.05,,20.0,-3.417,-120621,0.0,-324235,7584,-316651,1338.0
통합ETF,일,09/21~09/25,1,100.0,,2.42,,2.42,,28.0,,2.425,36411,,-98615,5538,-93077,1353.0
통합ETF,일,전체,20,25.0,0.46,1.38,1.49,2.42,4.05,14.2,7.47,-0.774,-23734,0.15,-603372,46297,-557076,

수동합계,혼합,07/27~07/31,9,55.6,0.69,1.17,4.19,3.38,7.04,,,-1.213,-744,0.86,-6692,2139,-4553,1415.0
수동합계,혼합,08/10~08/14,2,100.0,,8.56,,12.69,,,,8.56,57466,,114933,667,115600,1411.0
수동합계,혼합,08/24~08/28,1,100.0,,4.03,,4.03,,,,4.029,35381,,35381,269,35650,1383.0
수동합계,혼합,08/31~09/04,2,0.0,0.0,,2.19,,2.96,,,-2.191,-21127,0.0,-59156,756,-58400,1369.0
수동합계,혼합,전체,14,57.1,1.59,3.38,3.53,12.69,7.04,,,0.418,7241,2.12,84466,3831,88297,

수동매매,일,07/27~07/31,9,55.6,0.69,1.17,4.19,3.38,7.04,3.0,1.75,-1.213,-744,0.86,-6692,2139,-4553,1415.0
수동매매,일,08/10~08/14,2,100.0,,8.56,,12.69,,4.5,,8.56,57466,,114933,667,115600,1411.0
수동매매,일,08/24~08/28,1,100.0,,4.03,,4.03,,1.0,,4.029,35381,,35381,269,35650,1383.0
수동매매,일,08/31~09/04,2,0.0,0.0,,2.19,,2.96,,6.5,-2.191,-21127,0.0,-59156,756,-58400,1369.0
수동매매,일,전체,14,57.1,1.59,3.38,3.53,12.69,7.04,3.12,3.33,0.418,7241,2.12,84466,3831,88297,

미국수동,일,전체,0,,,,,,,,,,,,0,0,0,

기타(8042),분,전체,0,,,,,,,,,,,,0,0,0,

2X단타_시딩,일,08/17~08/21,0,,,,,,,,,,,,51315,1370,52685,1373.0
2X단타_시딩,일,08/31~09/04,0,,,,,,,,,,,,-69677,262,-69415,1369.0
2X단타_시딩,일,09/07~09/11,1,0.0,0.0,,0.61,,0.61,,21.0,-0.612,-37549,0.0,-19186,201,-18985,1338.0
2X단타_시딩,일,전체,1,0.0,0.0,,0.61,,0.61,,21.0,-0.612,-37549,0.0,-37548,1833,-35715,

BN_TR_MA,일,09/21~09/25,0,,,,,,,,,,,,3654,33,3687,1353.0
BN_TR_MA,일,09/28~10/02,1,100.0,,10.37,,10.37,,10.0,,10.37,14028,,10360,69,10429,1358.0
BN_TR_MA,일,전체,1,100.0,,10.37,,10.37,,10.0,,10.37,14028,,14014,102,14116,

UP_TR_MA,일,09/07~09/11,1,0.0,0.0,,1.25,,1.25,,1.0,-1.248,-1873,0.0,-1873,149,-1724,1338.0
UP_TR_MA,일,09/21~09/25,2,100.0,,10.22,,16.37,,5.0,,10.223,5114,,11272,122,11395,1353.0
UP_TR_MA,일,09/28~10/02,1,100.0,,6.22,,6.22,,10.0,,6.223,3113,,2069,34,2103,1358.0
UP_TR_MA,일,전체,4,75.0,2.37,8.89,1.25,16.37,1.25,6.67,1.0,6.355,2867,7.12,11468,305,11774,

UP_TR_ORD_B,일,09/14~09/18,0,,,,,,,,,,,,54396,238,54634,1378.0
UP_TR_ORD_B,일,09/21~09/25,1,100.0,,29.58,,29.58,,6.0,,29.576,88772,,34376,106,34482,1353.0
UP_TR_ORD_B,일,09/28~10/02,1,0.0,0.0,,1.26,,1.26,,10.0,-1.26,-183,0.0,-183,14,-169,1358.0
UP_TR_ORD_B,일,전체,2,50.0,484.19,29.58,1.26,29.58,1.26,6.0,10.0,14.158,44294,484.19,88589,358,88947,

수동매매_시딩,일,08/17~08/21,1,0.0,0.0,,8.3,,8.3,,3.0,-8.304,-74087,0.0,-74087,257,-73830,1373.0
수동매매_시딩,일,전체,1,0.0,0.0,,8.3,,8.3,,3.0,-8.304,-74087,0.0,-74087,257,-73830,

주도주_시딩,일,08/17~08/21,1,0.0,0.0,,4.6,,4.6,,3.0,-4.602,-29689,0.0,-29689,189,-29500,1373.0
주도주_시딩,일,전체,1,0.0,0.0,,4.6,,4.6,,3.0,-4.602,-29689,0.0,-29689,189,-29500,

통합ETF_시딩,일,08/17~08/21,1,0.0,0.0,,0.87,,0.87,,3.0,-0.867,-29188,0.0,-29188,2950,-26238,1373.0
통합ETF_시딩,일,전체,1,0.0,0.0,,0.87,,0.87,,3.0,-0.867,-29188,0.0,-29188,2950,-26238,

