date,source,section,rank,ticker,signal,trend,hold_ok,price,close,signal_sco,rtn_3m_pct,rtn_1m_pct,early_score,final_score,trend_date
2026-10-08,finviz,order_top4,1,MSFT,-,LIME,True,,529.760009765625,529.76,,,,1.0,2026-10-07
2026-10-08,finviz,order_top4,2,WBD,-,LIME,True,,30.950000762939453,30.95,,,,0.98,2026-10-05
2026-10-08,finviz,order_top4,3,FTNT,-,LIME,True,,189.27999877929688,189.28,,,,0.98,2026-10-07
2026-10-08,finviz,order_top4,4,NVDA,-,LIME,True,,237.47000122070312,237.47,,,,0.98,2026-10-07
2026-10-08,finviz,sector_quality_top10,1,MSFT,37.88,LIME,True,,529.760009765625,529.76,0.09,,,16.0,2026-10-07
2026-10-08,finviz,sector_quality_top10,2,WBD,16.40,LIME,True,,30.950000762939453,30.95,0.03,,,16.0,2026-10-05
2026-10-08,finviz,sector_quality_top10,3,FTNT,13.46,LIME,True,,189.27999877929688,189.28,-1.04,,,16.0,2026-10-07
2026-10-08,finviz,sector_quality_top10,4,NVDA,12.25,LIME,True,,237.47000122070312,237.47,-0.74,,,16.0,2026-10-07
2026-10-08,finviz,sector_quality_top10,5,APH,10.74,LIME,True,,87.55000305175781,87.55,-1.21,,,16.0,2026-10-07
2026-10-08,finviz,sector_quality_top10,6,CRWD,25.96,-,False,,265.44000244140625,265.44,-4.81,,,15.0,2026-10-07
2026-10-08,finviz,sector_quality_top10,7,JCI,7.66,LIME,True,,155.92999267578125,155.93,-1.78,,,16.0,2026-10-07
2026-10-08,finviz,sector_quality_top10,8,ANET,18.22,LIME,True,,215.8300018310547,215.83,0.22,,,15.0,2026-10-07
2026-10-08,finviz,sector_quality_top10,9,AMD,17.83,LIME,True,,645.8599853515625,645.86,-0.55,,,15.0,2026-10-07
2026-10-08,finviz,sector_quality_top10,10,PLTR,45.17,LIME,True,,194.1199951171875,194.12,1.07,,,14.0,2026-10-07
2026-10-08,finviz,signal_mom,1,MSFT,MOM,LIME,True,,529.760009765625,529.76,0.09,,,,2026-10-07
2026-10-08,finviz,signal_mom,2,WBD,MOM,LIME,True,,30.950000762939453,30.95,0.03,,,,2026-10-05
2026-10-08,finviz,signal_mom,3,FTNT,MOM,LIME,True,,189.27999877929688,189.28,-1.04,,,,2026-10-07
2026-10-08,finviz,signal_mom,4,NVDA,MOM,LIME,True,,237.47000122070312,237.47,-0.74,,,,2026-10-07
2026-10-08,finviz,signal_mom,5,APH,MOM,LIME,True,,87.55000305175781,87.55,-1.21,,,,2026-10-07
2026-10-08,finviz,signal_mom,6,CRWD,MOM,-,False,,265.44000244140625,265.44,-4.81,,,,2026-10-07
2026-10-08,finviz,signal_mom,7,JCI,MOM,LIME,True,,155.92999267578125,155.93,-1.78,,,,2026-10-07
2026-10-08,finviz,signal_mom,8,ANET,MOM,LIME,True,,215.8300018310547,215.83,0.22,,,,2026-10-07
2026-10-08,finviz,signal_mom,9,AMD,MOM,LIME,True,,645.8599853515625,645.86,-0.55,,,,2026-10-07
2026-10-08,finviz,signal_mom,10,PLTR,MOM,LIME,True,,194.1199951171875,194.12,1.07,,,,2026-10-07
2026-10-08,finviz,signal_lime,1,DELL,LIME,LIME,True,,578.9600219726562,578.96,0.86,,,,2026-10-07
2026-10-08,finviz,signal_lime,2,MU,LIME,LIME,True,,1088.0,1088.0,4.06,,,,2026-10-07
2026-10-08,finviz,signal_lime,3,AMGN,LIME,LIME,True,,413.0799865722656,413.08,2.6,,,,2026-10-07
2026-10-08,finviz,signal_lime,4,COST,LIME,LIME,True,,942.25,942.25,0.7,,,,2026-10-07
2026-10-08,finviz,signal_lime,5,AMZN,LIME,LIME,True,,259.9200134277344,259.92,1.42,,,,2026-10-07
2026-10-08,finviz,signal_lime,6,XLV,LIME,LIME,True,,168.80999755859375,168.81,1.03,,,,2026-10-07
2026-10-08,finviz,signal_lime,7,DIS,LIME,LIME,True,,104.75,104.75,0.69,,,,2026-10-07
2026-10-08,finviz,signal_lime,8,LLY,LIME,LIME,True,,1188.719970703125,1188.72,2.7,,,,2026-10-07
2026-10-08,us_main,main_quality_top10,1,XP,75.04,LIME,True,,29.530000686645508,29.53,-0.67,,,16.0,2026-10-07
2026-10-08,us_main,main_quality_top10,2,ECO,69.33,LIME,True,,88.04000091552734,88.04,1.37,,,16.0,2026-10-07
2026-10-08,us_main,main_quality_top10,3,FRO,47.56,LIME,True,,53.060001373291016,53.06,0.55,,,16.0,2026-10-07
2026-10-08,us_main,main_quality_top10,4,INSW,39.44,LIME,True,,116.94000244140625,116.94,0.41,,,16.0,2026-10-07
2026-10-08,us_main,main_quality_top10,5,RVTY,38.20,-,False,,153.60000610351562,153.6,0.2,,,16.0,2026-10-07
2026-10-08,us_main,main_quality_top10,6,MSFT,37.88,LIME,True,,529.760009765625,529.76,0.09,,,16.0,2026-10-07
2026-10-08,us_main,main_quality_top10,7,SMTC,37.08,LIME,True,,193.77999877929688,193.78,-1.73,,,16.0,2026-10-07
2026-10-08,us_main,main_quality_top10,8,WBD,16.40,LIME,True,,30.950000762939453,30.95,0.03,,,16.0,2026-10-05
2026-10-08,us_main,main_quality_top10,9,FTNT,13.46,LIME,True,,189.27999877929688,189.28,-1.04,,,16.0,2026-10-07
2026-10-08,us_main,main_quality_top10,10,PBF,37.94,LIME,True,,83.68000030517578,83.68,0.97,,,15.5,2026-10-07
2026-10-08,us_main,signal_mom,1,QGEN,MOM,GREEN,True,44.79,44.790000915527344,,,,,,2026-10-07
2026-10-08,us_main,signal_mom,2,OUST,MOM,GREEN,True,41.67,41.66999816894531,,,,,,2026-10-07
2026-10-08,us_main,signal_mom,3,ABBV,MOM,LIME,True,271.36,271.3599853515625,,,,,,2026-10-07
2026-10-08,us_main,signal_mom,4,FDN,MOM,LIME,True,295.5,295.5,,,,,,2026-10-07
2026-10-08,us_main,signal_lime,1,MU,LIME,LIME,True,1088.0,1088.0,,,,,,2026-10-07
2026-10-08,us_main,signal_lime,2,W,LIME,LIME,True,104.47,104.47000122070312,,,,,,2026-10-07
2026-10-08,us_main,signal_lime,3,ATKR,LIME,LIME,True,94.85,94.8499984741211,,,,,,2026-10-07
2026-10-08,us_main,signal_lime,4,DELL,LIME,LIME,True,578.96,578.9600219726562,,,,,,2026-10-07
2026-10-08,us_stock,vcp_early_top10,1,ABBV,51.55,LIME,True,,271.3599853515625,271.36,1.75,12.0,11.65,8.15,2026-10-07
2026-10-08,us_stock,vcp_early_top10,2,NVDA,44.04,LIME,True,,237.47000122070312,237.47,-0.74,16.0,12.25,6.29,2026-10-07
2026-10-08,us_stock,vcp_early_top10,3,JOYY,43.83,LIME,True,,81.33000183105469,81.33,0.84,15.0,18.96,12.5,2026-10-07
2026-10-08,us_stock,vcp_early_top10,4,VUG,44.22,LIME,True,,92.41999816894531,92.42,-0.24,15.5,6.39,5.51,2026-10-07
2026-10-08,us_stock,vcp_early_top10,5,TRMD,42.66,LIME,True,,38.91999816894531,38.92,-0.33,14.0,42.02,9.76,2026-10-07
2026-10-08,us_stock,vcp_early_top10,6,PLTR,40.42,LIME,True,,194.1199951171875,194.12,1.07,14.0,45.17,14.5,2026-10-07
2026-10-08,us_stock,vcp_early_top10,7,WBD,38.87,LIME,True,,30.950000762939453,30.95,0.03,16.0,16.4,9.56,2026-10-05
2026-10-08,us_stock,vcp_early_top10,8,ATKR,39.90,LIME,True,,94.8499984741211,94.85,0.14,13.5,29.36,0.68,2026-10-07
2026-10-08,us_stock,vcp_early_top10,9,QQQ,40.42,LIME,True,,757.72998046875,757.73,-0.25,15.5,5.4,5.89,2026-10-07
2026-10-08,us_stock,vcp_early_top10,10,FRO,35.32,LIME,True,,53.060001373291016,53.06,0.55,16.0,47.56,19.96,2026-10-07
2026-10-08,minervini,stage2_entry,1,MTUM,PRE_BREAKOUT,LIME,True,322.42,322.4200134277344,,0.4,,,,2026-10-07
2026-10-08,minervini,stage2_entry,2,SPMO,PRE_BREAKOUT,LIME,True,153.0,153.0,,-0.33,,,,2026-10-07
2026-10-08,minervini,stage2_entry,3,BEN,PRE_BREAKOUT,-,False,32.48,32.47999954223633,,-2.06,,,,2026-10-07
2026-10-08,minervini,stage2_entry,4,ASML,BREAKOUT_WEAK,GREEN,True,1804.96,1804.9599609375,,0.55,,,,2026-10-07
2026-10-08,minervini,stage2_entry,5,ANET,BREAKOUT_WEAK,LIME,True,215.83,215.8300018310547,,15.44,,,,2026-10-07
2026-10-08,minervini,stage2_entry,6,NVT,BREAKOUT_WEAK,LIME,True,167.82,167.82000732421875,,4.56,,,,2026-10-07
2026-10-08,minervini,stage2_entry,7,APH,EXTENDED,LIME,True,87.55,87.55000305175781,,10.25,,,,2026-10-07
