2026.4월1주,2026.4월2주,2026.4월3주,,
"DBA
PDBC
XLE","EWZ
THD
PDBC","PTF
EWT
EWZ",,
2026.3월2주,2026.3월3주,2026.3월4주,2026.3월5주,2026.3월6주
"XLE
PDBC
XAR","PDBC
XLE
DBA","PDBC
XLE
DBA","XLE
DBA
PDBC","XLE
DBA
PDBC"
2026.2월2주,2026.2월3주,2026.2월4주,2026.2월5주,
"SCHD
XLE
TUR","XLB
XLE
THD","EWY
THD
EWT","EWY
THD
PTF",
2026.1월1주,2026.1월2주,2026.1월3주,2026.1월4주,2026.1월5주
"EWY
EEM
EWP","EWY
EWP
EEM","EIS
SLV
REMX","SLV
EWY
SOXX","SLV
PICK
REMX"
2025.12월1주,2025.12월2주,2025.12월3주,2025.12월4주,2025.12월5주
"SLV
PICK
EWZ","EIS
SOXX
EWC","SLV
EZA
EWL","SLV
EZA
EWL","SLV
VEA
VGK"
2025.11월2주,2025.11월3주,2025.11월4주,2025.11월5주,
"ICLN
EWZ
EWY","EWZ
TAN
EWH","XBI
IBB
LIT","XBI
IBB
XLV",
2025.10월1주,2025.10월2주,2025.10월3주,2025.10월4주,2025.10월5주
"LIT
SLV
ARKK","SLV
REMX
LIT","SLV
GLD
VNM","IBB
EWY
XBI","EWY
SOXX
XBI"
2025.9월1주,2025.9월2주,2025.9월3주,2025.9월4주,2025.9월5주
"SLV
JETS
VNM","THD
EWS
LIT","ARKK
CARZ
THD","LIT
SLV
CARZ","LIT
SLV
REMX"
2025.8월1주,2025.8월2주,2025.8월3주,2025.8월4주,2025.8월5주
"XLU
VUG
ETHA","XLU
LQD
VNM","VNM
GREK
ETHA","VNM
ICLN
IBB","REMX
JETS
TAN"
2025.7월1주,2025.7월2주,2025.7월3주,2025.7월4주,2025.7월5주
"GREK
EIS
SCZ","GREK
ARKF
ARKK","ARKW
ARKF
IBIT","REMX
GREK
CARZ","VUG
XLK
EWH"
2025.6월2주,2025.6월3주,2025.6월4주,2025.6월5주,2025.6월6주
"ITA
EWY
XAR","EWY
XAR
ITA","EWY
EWC
ARKW","ARKW
EWY
EIS","XAR
EIS
GREK"
2025.5월1주,2025.5월2주,2025.5월3주,2025.5월4주,2025.5월5주
"EWG
EWI
EWP","EWI
EWG
GREK","EWI
GREK
ITA","EWP
GREK
EWI","EZA
VNM
EWP"
2025.4월1주,2025.4월2주,2025.4월3주,2025.4월4주,2025.4월5주
"GLD
XLE
IEF","IEF
BND
AGG",GLD,"EWP
EWW
GLD","EWP
GREK
EWW"
2025.3월2주,2025.3월3주,2025.3월4주,2025.3월5주,2025.3월6주
"EWP
EWU
HYG","GREK
EWI
VNM","GLD
GREK
FXI","ITA
XLE
GREK","GLD
SLV
XLE"
2025.2월2주,2025.2월3주,2025.2월4주,2025.2월5주,
"XLC
ARKF
GLD","EWS
GLD
EWG","GREK
DBA
EWG","EWP
EWI
UNG",
2025.1월1주,2025.1월2주,2025.1월3주,2025.1월4주,2025.1월5주
UNG,"EIS
UNG
KSA","UNG
PDBC
EIS","XAR
EIS
JETS","DBA
EWG
XLF"
2024.12월2주,2024.12월3주,2024.12월4주,2024.12월5주,2024.12월6주
"ARKF
ARKK
XLY","XLY
DBA
JETS","XLY
IBIT
DBA","EIS
UNG
JETS","UNG
JETS"
2024.11월1주,2024.11월2주,2024.11월3주,2024.11월4주,2024.11월5주
"JETS
XLC
IBIT","XLC
JETS
XLY","ARKF
JETS
ARKW","IBIT
EWS
XLE","ARKF
PDP
IBIT"
2024.10월1주,2024.10월2주,2024.10월3주,2024.10월4주,2024.10월5주
"FXI
XLU
XLI","ITA
FXI
LIT","XLI
ITA
ARKF","GLD
JETS
SLV","GLD
JETS
ARKW"
2024.9월2주,2024.9월3주,2024.9월4주,2024.9월5주,2024.9월6주
"XLRE
XLF
XLV","SRVR
XLRE
TLT","EPHE
THD
EIDO","THD
EWM
EIDO","XLI
XLB
FXI"
2024.8월1주,2024.8월2주,2024.8월3주,2024.8월4주,2024.8월5주
"XLRE
VNQ
EWL","IEF
AGG
TLT","XLRE
EWM
XLP","VNQ
XLRE
EZA","VNQ
XLRE
EWM"
2024.7월1주,2024.7월2주,2024.7월3주,2024.7월4주,2024.7월5주
"VUG
INDA
PTF","VUG
EWT
PTF","TUR
IBB
IWM","TUR
XLRE
VNQ","ITA
IJR
IBB"
2024.6월2주,2024.6월3주,2024.6월4주,2024.6월5주,
"XLC
EWL
ITA","SMH
VUG
SOXX","EWT
SMH
SOXX","EZA
XLC
EWT",
2024.5월1주,2024.5월2주,2024.5월3주,2024.5월4주,2024.5월5주
"TUR
XLU
EWU","XLU
EWU
TUR","XLU
EWP
FXI","SLV
PICK
TUR","SMH
SOXX
TAN"
2024.4월1주,2024.4월2주,2024.4월3주,2024.4월4주,2024.4월5주
"XLE
GLD
XLC","SLV
GLD
XLE","DBA
SLV
GLD","DBA
XLU
FXI","XLU
TUR
FXI"
2024.3월1주,2024.3월2주,2024.3월3주,2024.3월4주,2024.3월5주
"QMOM
EIS
PDP","BOTZ
SMH
SOXX","ARKF
ARKW
EWI","DBA
EWI
XLF","DBA
XLC
XLE"
2024.2월1주,2024.2월2주,2024.2월3주,2024.2월4주,2024.2월5주
"INDA
QMOM
DIA","QMOM
GREK
VUG","JETS
EIS
PTF","KSA
XLV
INDA","XLI
PDP
XBI"
2024.1월1주,2024.1월2주,2024.1월3주,2024.1월4주,2024.1월5주
"XLF
DIA
XLV","XLF
GREK
XBI","QMOM
EWJ
VUG","SMH
XLK
QMOM","BOTZ
VUG
XLF"
2023.12월1주,2023.12월2주,2023.12월3주,2023.12월4주,2023.12월5주
"GLD
INDA
EWP","ARKW
INDA
ARKF","ARKW
ARKF
XLK","SMH
ARKF
ARKW","ARKF
ARKW
XAR"
2023.11월1주,2023.11월2주,2023.11월3주,2023.11월4주,2023.11월5주
DBA,"HYG
EWZ
DBA","XLK
EWZ
XAR","XLC
XLK
XAR","EWP
HYG
ARKW"
2023.10월2주,2023.10월3주,2023.10월4주,2023.10월5주,2023.10월6주
TUR,"UNG
XLC","XLC
XLE","GLD
DBA",GLD
2023.9월1주,2023.9월2주,2023.9월3주,2023.9월4주,2023.9월5주
"TUR
XLE
PDBC","XLE
TUR
PDBC","PDBC
XLE
INDA","PDBC
DBA
XLF",TUR
2023.8월1주,2023.8월2주,2023.8월3주,2023.8월4주,2023.8월5주
"VNM
TUR
XLC","VNM
TUR
XLE","TUR
VNM
XLE",TUR,"TUR
XLE
PDBC"
2023.7월2주,2023.7월3주,2023.7월4주,2023.7월5주,2023.7월6주
"XLY
ARKF
ARKW","GREK
JETS
ARKW","ARKK
ARKW
GREK","GREK
VNM
EWZ","VNM
XLB
EWZ"
2023.6월1주,2023.6월2주,2023.6월3주,2023.6월4주,2023.6월5주
"XLK
QQQ
SMH","XLY
CARZ
QQQ","EWZ
GREK
CARZ","EWZ
XLY
DBA","VNM
XLY
JETS"
2023.5월1주,2023.5월2주,2023.5월3주,2023.5월4주,2023.5월5주
"XLP
EWW
EWL","EWW
QQQ
EWL","QQQ
BOTZ
EWJ","BOTZ
QQQ
XLC","QQQ
BOTZ
GREK"
2023.4월2주,2023.4월3주,2023.4월4주,2023.4월5주,
"XLK
QQQ
EWP","DBA
SLV
FEZ","EWP
DBA
EWQ","EWL
XLP
EWQ",
2023.3월1주,2023.3월2주,2023.3월3주,2023.3월4주,2023.3월5주
"GREK
TUR
EWW","TUR
EWW
EWP","GLD
IEF
TLT","XLK
SMH
SOXX","BOTZ
XLK
XLC"
2023.2월1주,2023.2월2주,2023.2월3주,2023.2월4주,2023.2월5주
"BOTZ
GREK
EWI","SMH
SOXX
GREK","GREK
EWI
ITA","GREK
DBA
EWI",GREK
2023.1월2주,2023.1월3주,2023.1월4주,2023.1월5주,2023.1월6주
"THD
GREK
TUR","EWI
EWP
GREK","EWG
EWU
ENZL","EWY
FXI
ENZL","GREK
EWI
EWT"
2022.12월1주,2022.12월2주,2022.12월3주,2022.12월4주,2022.12월5주
"TUR
XLV
FEZ","PICK
SLV
ITA","SLV
GREK
TUR","TUR
GREK
SLV","GREK
TUR
SLV"
2022.11월1주,2022.11월2주,2022.11월3주,2022.11월4주,2022.11월5주
"XLE
EWW
QMOM","TUR
EWW
ITA","EWW
TUR
IBB","XLV
TUR
VYM","TUR
XLV
FEZ"
2022.10월2주,2022.10월3주,2022.10월4주,2022.10월5주,2022.10월6주
"TUR
SLV
XLE",TUR,"TUR
XLE
QMOM","XLE
QMOM
TUR","QMOM
XLE
EWW"
2022.9월1주,2022.9월2주,2022.9월3주,2022.9월4주,
TUR,"TUR
EIDO","EIDO
TUR
XLU",EIDO,
2022.8월1주,2022.8월2주,2022.8월3주,2022.8월4주,2022.8월5주
"TAN
ICLN
XLU","ICLN
LIT
TAN","LIT
XLU
UNG","TUR
QMOM
UNG","TUR
QMOM
XLE"
2022.7월4주,2022.7월5주,,,
"UNG
ICLN","UNG
XLV
TAN",,,
2022.6월1주,2022.6월2주,2022.6월3주,2022.6월5주,
"XLE
PDBC
EWW","XLE
PDBC
GMOM",PDBC,FXI,
2022.5월2주,2022.5월3주,2022.5월4주,2022.5월5주,2022.5월6주
"EIDO
UNG
KSA","UNG
PDBC","UNG
XLE","UNG
XLE
PDBC","XLE
PDBC
EWP"
2022.4월1주,2022.4월2주,2022.4월3주,2022.4월4주,2022.4월5주
"EWZ
EWW
XLU","XLU
UNG
KSA","UNG
KSA
DBA","XLE
TUR
UNG","EIDO
XLP
JETS"
2022.3월1주,2022.3월2주,2022.3월3주,2022.3월4주,2022.3월5주
"PDBC
PICK
EIDO","XLE
GLD
SLV","EIDO
XLU
XLE","EWC
EZA
EWZ","EWZ
EWW
KSA"
2022.2월1주,2022.2월2주,2022.2월3주,2022.2월4주,2022.2월5주
"XLE
PDBC
DBA","DBA
XLE
PDBC","EZA
PDBC
GLD","GLD
PDBC
DBA","PDBC
EIDO
GLD"
2022.1월2주,2022.1월3주,2022.1월4주,2022.1월5주,2022.1월6주
"VYM
VNM
XLP","VYM
VTV
SCHD","KSA
XLE
PDBC","PDBC
GLD
DBA","PDBC
XLE
KSA"
